country,founded,id,industry,linkedin_url,locality,name,region,size,website
united states,,fdDgcdIGQNyzBn23aHv2VA1HlBhY,restaurants,linkedin.com/company/do-b's-inc,emporia,do-b's inc,kansas,11-50,do-b.com
united states,,1ewTBeutAiwVbRvwh8KSiQFBtqyB,restaurants,linkedin.com/company/bootlegger-liquor-no-2,granbury,bootlegger liquor no 2,texas,11-50,
united states,,7TaZ2401UFKvqNcfBLmTtgRxy5Zi,restaurants,linkedin.com/company/frostop-drive-in-restaurant,laplace,frostop drive in restaurant,louisiana,11-50,laplacefrostop.com
united states,,xWec6gPHv5xuFdawmKqWfgzDoSMv,restaurants,linkedin.com/company/dan’s-coney-island,lansing,dan’s coney island,michigan,11-50,dansconeyisland.com
united states,,ebnMHrZxmr9UXxN5MVTTowLD21PS,restaurants,linkedin.com/company/em’s-original-sub-shop,johnstown,em’s original sub shop,pennsylvania,11-50,
united states,,Cu9hg7VKMWsTvK3uT7NJCw6u1cq9,restaurants,linkedin.com/company/mulan-japanese,myrtle beach,mulan japanese,south carolina,1-10,
united states,,gLmh1sSKcZSl9pvsZwmeHgZ9gL5K,restaurants,linkedin.com/company/hawk-n-hog,lithia,hawk n hog,florida,1-10,hawknhog.com
united states,,O1zQuirVdBCwP8IrYV7eeQzG7K6Y,restaurants,linkedin.com/company/st.-gerard-majella-fish-fry,kirkwood,st. gerard majella fish fry,missouri,1-10,
united states,,lO3MXfjcLvea0CYeTTDjWAlC209b,restaurants,linkedin.com/company/las-palapas-at-the-forum,selma,las palapas at the forum,texas,11-50,
united states,,Q6BpEYSbKCAphTpWo5bz4AMa73zj,restaurants,linkedin.com/company/kampai-japanese-steakhouse,vestal,kampai japanese steakhouse,new york,1-10,kampaijapanesesteakhouse.com
united states,,YZwVNzvRDOsmxO1BwMWYaABKTKG4,restaurants,linkedin.com/company/two-ravens-tavern,kingston,two ravens tavern,new york,11-50,
united states,,5w31ZhHQH2DP8P9RzRKxDQZS1J1a,restaurants,linkedin.com/company/niko’s-greek-kitchen,sparks,niko’s greek kitchen,nevada,11-50,nikosgreekkitchen.com
united states,,RkcI3FNQ0csboYDMwOEdtwoudEvc,restaurants,linkedin.com/company/seth’s-lake-fork-creek,quitman,seth’s lake fork creek,texas,11-50,sethslakeforkcreekrestquitman.com
united states,,9Hu4PBdwC7n26K8Ya9XIMwVHDpv4,restaurants,linkedin.com/company/kiss-lounge,charlotte,kiss lounge,north carolina,51-200,kisscharlotte.com
united states,,dPDqhvMTCyNUPzoer7qZqg4hqp8I,restaurants,linkedin.com/company/nyc-subs,fort pierce,nyc subs,florida,11-50,nyc-subs.com
united states,,dF1kvaeEo1f1UPLrbZLEygL6cA2U,restaurants,linkedin.com/company/halfmoon-diner,clifton park,halfmoon diner,new york,1-10,halfmoondiner.com
united states,,zHFTrAHdiul9PUyBSkHsag5K0iD2,restaurants,linkedin.com/company/ippudo-ny,new york,ippudo ny,new york,11-50,
united states,,NjuDkCwCCAnlgKKxB8jRZg73zdLt,restaurants,linkedin.com/company/gaunce’s-deli-&-cafe,winchester,gaunce’s deli & cafe,kentucky,11-50,gaunces.com
united states,,5iPTA5RhmIjKvz4RXfEV5wOqKjpW,restaurants,linkedin.com/company/callahan’s-restaurant-and-deli,destin,callahan’s restaurant and deli,florida,11-50,callahansdestin.com
united states,,AZAAVOEN8nK56ktzA6rOVgyrNehl,restaurants,linkedin.com/company/phu-fha-thai-restaurant,philadelphia,phu fha thai restaurant,pennsylvania,11-50,phufhathaiphilly.com
united states,,X0jCiXB0a4CF27WLba8vuQ2mLkxH,restaurants,linkedin.com/company/brody's-burgers-&-beer-inc.,jamul,"brody's burgers & beer, inc.",california,1-10,brodysburgersandbeer.com
united states,,xyRz6tZJo6JxEBL9w5zihwyjdl0L,restaurants,linkedin.com/company/kaishin,jensen beach,kaishin,florida,11-50,
united states,,feMVwkXmCZmrnCrKsXrrYgZisLCK,restaurants,linkedin.com/company/sunshine-seafood-cafe-lounge,fort myers,sunshine seafood cafe lounge,florida,11-50,sunshineseafoodftmyers.com
united states,,1ffaBVjY4vKPVbNVI82HewbSmys8,restaurants,linkedin.com/company/duffy’s-good-time-saloon,montevideo,duffy’s good time saloon,minnesota,11-50,duffysgoodtimesaloon.net
united states,,3i0CTcLGXkgUMDtdGWAd1Ql0Lpwn,restaurants,linkedin.com/company/three-legged-willie’s,georgetown,three legged willie’s,texas,51-200,threeleggedwillies.com
united states,,HCrondZkUKlmEaHqDMWjjwD9Zs0x,restaurants,linkedin.com/company/ranee’s-on-main,oregon city,ranee’s on main,oregon,1-10,
united states,,5pF62lsxJFi57nxu3oz4JgwdctYd,restaurants,linkedin.com/company/daryl-saylor-dba-chick-fil-a-schaumburg-il,schaumburg,"daryl saylor dba chick-fil-a schaumburg, il",illinois,1-10,
united states,,pJaZyD7jO8Xu0WC8A8OP0AS85RmH,restaurants,linkedin.com/company/cha-ma-gu-dao,montclair,cha ma gu dao,new jersey,11-50,southsilkroad.com
united states,,TdJuesRUvAqWkjU70pReEwCD16ts,restaurants,linkedin.com/company/rug’s-&-riffy’s-bar-&-grill,woodbridge,rug’s & riffy’s bar & grill,new jersey,11-50,rugsandriffys.com
united states,,xWy2EsVOnpGMGCmLDePRNQglXyhh,restaurants,linkedin.com/company/cheli’s-chili-bar-&-restaurant,dearborn,cheli’s chili bar & restaurant,michigan,11-50,
united states,,TzmkuyCMCbauCBNLAlvA0QDOYvu6,restaurants,linkedin.com/company/wa-japanese-restaurant,san diego,wa japanese restaurant,california,11-50,
united states,,Iobym2uVB4lV8H4HB4f0cQHagP6L,restaurants,linkedin.com/company/calhoun-house-of-pizza,st. matthews,calhoun house of pizza,south carolina,11-50,calhounhouseofpizza.com
united states,,6vsnupaf7COFnZu6CXVTmwpBfoKx,restaurants,linkedin.com/company/fajita-rita’s-mexican-restaurant,fort gibson,fajita rita’s mexican restaurant,oklahoma,1-10,
united states,,o1tUtlkBNzjdfnBhge3BQgOUxdcD,restaurants,linkedin.com/company/kimchi-time,tucson,kimchi time,arizona,1-10,kimchi-time.com
united states,,lSM8MlJmjggUW3B0NvbQPA8QItMi,restaurants,linkedin.com/company/chili-cha-cha-2,san francisco,chili cha cha 2,california,11-50,
united states,,oz5j3BFZeXxR5cyolecQ1A5Y2fim,restaurants,linkedin.com/company/nanzan-girogiro,honolulu,nanzan girogiro,hawaii,51-200,
united states,,M69I87FHGi63fI9D8BzZIwX9RK4t,restaurants,linkedin.com/company/texas-cattle-company-catering,kissimmee,texas cattle company catering,florida,51-200,
united states,,M925ddiZTS6C55mB9O1aWAidXzma,restaurants,linkedin.com/company/rachel’s-cafe-&-deli,williamsville,rachel’s cafe & deli,new york,1-10,
united states,1987,8txWfMfYywhnGIH0kM3BygTv8ehY,restaurants,linkedin.com/company/famous-sandwiches-inc.,jacksonville,"famous sandwiches, inc.",florida,11-50,
united states,,mXk8mfF0K7lFpBmLcB2CBgJNKCRD,restaurants,linkedin.com/company/todo-un-poco-llc,elk grove,"todo un poco, llc",california,1-10,todounpocobistro.com
united states,,Bm0jXDIH2djatQdKHbEBNgBLZcaq,restaurants,linkedin.com/company/bello-pranzo-pizza-&-pasta,leesburg,bello pranzo pizza & pasta,virginia,11-50,bellopranzova.com
united states,,s19eyW9iKawKdcyWVO7XEgdGMLZS,restaurants,linkedin.com/company/parkview-diner,linton,parkview diner,indiana,1-10,
united states,,9iDW1SAFBj5hGXXqm0C7owRjJKS6,restaurants,linkedin.com/company/fire-in-bend,bend,fire in bend,oregon,51-200,fireinbend.com
united states,,k7ucDpFHa5bHLrwq1ySfpgnqI3e7,restaurants,linkedin.com/company/tacos-alex,magnolia,tacos alex,texas,11-50,
united states,,fUvjeaqwtUJrlB8oASTD5gRftpeK,restaurants,linkedin.com/company/carnivore-bbq,baltimore,carnivore bbq,maryland,11-50,carnbbq.com
united states,2008,o6RdvUlSIueyCAiNxFm84ANWciin,restaurants,linkedin.com/company/baf-restaurants-llc,seattle,"baf restaurants, llc",washington,11-50,
united states,,bZHKcZxVASkWC7hxdUxTbARQ8LMO,restaurants,linkedin.com/company/spiedie-zone,suwanee,spiedie zone,georgia,11-50,spiediezone.com
united states,,fHDN1NTnwVMikP5T0ALoaANMkMb0,restaurants,linkedin.com/company/pepe’s-cantina,winter park,pepe’s cantina,florida,11-50,pepescantina.com
united states,,aH8hBFJ6sr42lSpEYBITLwopUywj,restaurants,linkedin.com/company/analog-arcade-bar,davenport,analog arcade bar,iowa,11-50,analogarcadebar.com
united states,,Nj14S9TqM8dwfL1qU9FYiQBtqvy2,restaurants,linkedin.com/company/monitor-inn,woodburn,monitor inn,oregon,1-10,
united states,,JBvlSvITYY9C7dcaMCD6FAVN64TA,restaurants,linkedin.com/company/quinet’s-restaurant,new martinsville,quinet’s restaurant,west virginia,11-50,
united states,,rterIKLNBDGHSkCq0lRsJgmEa8Sx,restaurants,linkedin.com/company/maryanns-diner,windham,maryanns diner,new hampshire,11-50,
united states,,bjeGDUaIO9NIC2sAfjorjw6Fg4HA,restaurants,linkedin.com/company/kerry’s-coffee-house,redlands,kerry’s coffee house,california,11-50,
united states,2007,FoZ3twDIO4beyYoyjd023w5PW9cu,restaurants,linkedin.com/company/sally's-bbq-l.l.c.,sedona,"sally's bbq, l.l.c.",arizona,11-50,
united states,,Z7DNB5PEaNwEAL509KMuSwc8MkkO,restaurants,linkedin.com/company/markers-restaurant,jersey city,markers restaurant,new jersey,11-50,markersrestaurant.com
united states,,UIB2S6a1pqLNbpvuuS7BuQaytiWc,restaurants,linkedin.com/company/toxic-wings-&-fries,eugene,toxic wings & fries,oregon,1-10,
united states,,2WcqUiHkclVPIQ6Fc3fMfggIDQ4P,restaurants,linkedin.com/company/jacinto-city-cafe,jacinto city,jacinto city cafe,texas,11-50,
united states,,B48pLtqTu09r4YHHOXPgzg6J8nIc,restaurants,linkedin.com/company/koshu-wine-bar,jackson,koshu wine bar,wyoming,1-10,
united states,,OZrsUEjhlHXCZKYwVTAZbwZl8EYw,restaurants,linkedin.com/company/billingsgate-deli-market,exeter,billingsgate deli market,new hampshire,11-50,billingsgatedeli.com
united states,2020,wz9JQj63YzGFJUlc6vwVRwv3abKr,restaurants,linkedin.com/company/512-coffee-and-ice-cream,latrobe,512 coffee and ice cream,pennsylvania,1-10,512coffeeandicecream.cafe
united states,,DaOJCYvX2gABPacrsyKUMgm6z4BD,restaurants,linkedin.com/company/tokyo-101,wilmington,tokyo 101,north carolina,1-10,
united states,,8CcJm7CRB3H3IIkUS7kNHgtTMf0O,restaurants,linkedin.com/company/mccormick’s-grill,jekyll island,mccormick’s grill,georgia,11-50,
united states,,aatcMR6timT7AJ7oUuHqHAsTIBGv,restaurants,linkedin.com/company/nick’s-san-clemente,san clemente,nick’s san clemente,california,11-50,
united states,,L9pznaIVVnYAMHGmLcItQwxG4RaB,restaurants,linkedin.com/company/taqueria-el-carnaval,placerville,taqueria el carnaval,california,11-50,taqueriaelcarnaval.com
united states,1961,wrq0yCo80DTYArxaNw5KngvSbP3q,restaurants,linkedin.com/company/ed-n-joe's-restaurant-and-pizzeria,tinley park,ed n joe's restaurant and pizzeria,illinois,11-50,ednjoes.com
united states,,oROVizgju7oKNN6GaN221wjr1NmZ,restaurants,linkedin.com/company/molina’s-mexican-restaurant,sulphur springs,molina’s mexican restaurant,texas,11-50,
united states,,3k1huC2GVjuK7nfqEOBTxQSEwXXg,restaurants,linkedin.com/company/gulfstream-restaurants,kissimmee,gulfstream restaurants,florida,1-10,yelp.com/biz/gulfstream-newport-beach
united states,,EKXpym8eosJGa25qul7sEQV2qCzP,restaurants,linkedin.com/company/jockey-silks-bourbon-bar,louisville,jockey silks bourbon bar,kentucky,11-50,jockeysilksbourbonbar.com
united states,,OhFt6ESfeklCHjXpBqBNfwznLwck,restaurants,linkedin.com/company/eventide-grille,sea bright,eventide grille,new jersey,11-50,eventidegrille.com
united states,,i5XxUTf4BSrEVbmzInPUigi4qDLr,restaurants,linkedin.com/company/mugs-n-jugs-sports-bar-&-grill,port richey,mugs n jugs sports bar & grill,florida,11-50,mugstogo.com
united states,,NFPhwFwto45NMBCW2zgGBQosTha4,restaurants,linkedin.com/company/berthas-diner,stopover,berthas diner,kentucky,1-10,
united states,,tJ9vuv2S18xOLUvfpQbaMQRFtM72,restaurants,linkedin.com/company/panda-country-kitchen-llc,san francisco,"panda country kitchen, llc",california,11-50,pandacountrykitchen.com
united states,,0ZQgGVNMCMfqsYoN5CDbnA9YwfPD,restaurants,linkedin.com/company/rackshack-bbq-&-wings,houston,rackshack bbq & wings,texas,51-200,rshackbbq.com
united states,,AxXBlPVIkDVySZciF7EbTQ5Fo6RC,restaurants,linkedin.com/company/el-gallo-grill,los angeles,el gallo grill,california,11-50,elgallogrill.com
united states,,PNesgZDPhWHICfCsyr0RwQS2ItfM,restaurants,linkedin.com/company/cafe-y-sabor,miami,cafe y sabor,florida,1-10,
united states,,f9ZIxgTDanxNBTpaF9PWiw6qeb0g,restaurants,linkedin.com/company/alatte-cafe-inc.,norfolk,alatte cafe inc.,virginia,11-50,
united states,,kOQcUOCiPq0jH7vBiG3E4AECFzco,restaurants,linkedin.com/company/amish-door-inc,wilmot,"amish door, inc",ohio,51-200,amishdoor.com
united states,2017,p2bAOLuPTSKAOvvEhivG3wiece1l,restaurants,linkedin.com/company/la-sirenita-2-inc,portland,la sirenita #2 inc,oregon,1-10,
united states,,cnhB3oW3kOdAjJi1g4dwrgCV2tNw,restaurants,linkedin.com/company/trugurt,orland park,trugurt,illinois,1-10,trugurt.com
united states,,bzVYWSD0ShX4VrU9evulkgBxqMjr,restaurants,linkedin.com/company/jimmie's-corner,waukegan,jimmie's corner,illinois,1-10,
united states,,Lu39DMClzc9n4YqRHKZOigdx1pXT,restaurants,linkedin.com/company/king-street-pizza,indianapolis,king street pizza,indiana,1-10,
united states,,zaYaXeIJkvBjBsoj4TYCPAqSUUo6,restaurants,linkedin.com/company/cardinal-liquor-barn,oak lawn,cardinal liquor barn,illinois,11-50,
united states,,coXarT8O4pwXN7W7PsNP4AKRP27X,restaurants,linkedin.com/company/denny’s-tavern,grand forks,denny’s tavern,north dakota,11-50,
united states,,OWPKvLqJdDceRZCYQgd7fwJaPVDO,restaurants,linkedin.com/company/everybody’s-american-cookhouse-&-sports-theater,port orchard,everybody’s american cookhouse & sports theater,washington,1-10,ebcookhouse.com
united states,,qMgInyfBxXhWQsacP19fmQS51SY4,restaurants,linkedin.com/company/ajiaco-colombian-bistro,albuquerque,ajiaco colombian bistro,new mexico,11-50,ajiacobistro.com
united states,,Qai0hAJr0zxwuZcCdfws8AOZiOvY,restaurants,linkedin.com/company/michaels-meat-and-seafood,shelton,michaels meat and seafood,washington,1-10,
united states,,7nCmx7xYjB8bGPfMNDI9PAE8VIef,restaurants,linkedin.com/company/felix-55,houston,felix 55,texas,11-50,
united states,,WqQMiS0Kdry4BZCn6VRLwQVEGQPE,restaurants,linkedin.com/company/fill-up-station-inc.,berwyn,"fill up station, inc.",illinois,1-10,fillupstationbar.com
united states,,VSzUw1VYAT9QfD1SmaSxMw4CUJtg,restaurants,linkedin.com/company/los-rodeos-mexican-restaurant,philadelphia,los rodeos mexican restaurant,mississippi,11-50,
united states,,mUtD7KBr2AzZNsCRs0B43wzbC8Gp,restaurants,linkedin.com/company/rio-vista-liquor,rio vista,rio vista liquor,california,1-10,
united states,,B8LDzMC0CfIpeBqkEtC5GwRpRP43,restaurants,linkedin.com/company/verne’s-on-161,columbus,verne’s on 161,ohio,11-50,
united states,,RNRqMymlRt8FhA623GjxDAsQKlF0,restaurants,linkedin.com/company/the-ada-pour-house-gastropub,ada,the ada pour house gastropub,michigan,11-50,adapourhouse.com
united states,,cqFKIkzCDoYKBj5aaePYyQY64UsG,restaurants,linkedin.com/company/the-corn-maize,ogden,the corn maize,utah,11-50,thecornmaize.com
united states,,TxMwHwldXdjfByfZaqdaPwAHvo85,restaurants,linkedin.com/company/trescarnes,new york,https://corporativonomar.net/,new york,11-50,trescarnes.com
united states,,CnDhxsUrld7CgvV5l5sMLwjHQ10a,restaurants,linkedin.com/company/hilton-garden-inn-resturant,columbia,hilton garden inn resturant,missouri,11-50,
united states,,PYEdyUzd2Gx53gCLP54nuAP1dijg,restaurants,linkedin.com/company/cafee-italia,jersey city,cafee italia,new jersey,11-50,
united states,,4u8SvhLolErNbBUkhClmqg5jobrq,restaurants,linkedin.com/company/the-lodge-restaurant,,the lodge restaurant,,11-50,thelodgerestaurant.com
united states,,preTXRzq9aH6oIf7yl2dxA1KnnyM,restaurants,linkedin.com/company/j.r.-murphy’s,stillwater,j.r. murphy’s,oklahoma,11-50,
united states,,uH2ebiiimU1kBw7vJdXQRgANuwP2,restaurants,linkedin.com/company/wild-hare-music-llc,chicago,"wild hare music, llc",illinois,1-10,
united states,,QQct2uGkMsf5IIrpGYQQrQYJhQeh,restaurants,linkedin.com/company/texas-de-brazil---trinidad,miami,texas de brazil - trinidad,florida,51-200,
united states,,9FprrdJ59gLLtCFBj8E0xQCKdoEn,restaurants,linkedin.com/company/dairy-queen-of-blacksburg,blacksburg,dairy queen of blacksburg,virginia,1-10,
united states,,6AUlurUnBkvYyyNbkBl2WQL4jx91,restaurants,linkedin.com/company/aaheli-indian-cuisine,new york,aaheli indian cuisine,new york,11-50,aahelimidtownwest.com
united states,,4m0XvSQlonPtBhr5EEiCWAifayLC,restaurants,linkedin.com/company/that-girls-coffee,vincennes,that girls coffee,indiana,1-10,
united states,,dYXAzeqrQUIy5BE2rBn7vQ0cOGU5,restaurants,linkedin.com/company/caffrey’s-deli-&-subs,minneapolis,caffrey’s deli & subs,minnesota,11-50,caffreysmpls.com
united states,,5SMpKuJzk4LBlg0BMclgfwyDCR06,restaurants,linkedin.com/company/vlore-inc,philadelphia,vlore inc,pennsylvania,1-10,
united states,,hf8hzmLfWQ1yH4MdTtHzfgzyIIO9,restaurants,linkedin.com/company/caffe-bacio,brentwood,caffe bacio,california,1-10,
united states,,FcqEtuOqSCIaSlQSLw5QSQg2P0I8,restaurants,linkedin.com/company/riley-street-station,east aurora,riley street station,new york,11-50,rileystreetstation.com
united states,,wOHcDHDe3ENht8UOo05exAY3wqDs,restaurants,linkedin.com/company/neptune-diner-ii,brooklyn,neptune diner ii,new york,1-10,
united states,,IX7jCwsvz0z27p2VIFUwQwkrhaCs,restaurants,linkedin.com/company/smokin’-pit-bbq,bartlett,smokin’ pit bbq,illinois,11-50,smokinpit.com
united states,,cOLuKeJqLxFS6d4rCGCYJghQm9iu,restaurants,linkedin.com/company/golden-wheel-chinese-restaurant,madison heights,golden wheel chinese restaurant,michigan,1-10,
united states,,9T1n3FjSyBoCThWEtJDSMQuOr4QO,restaurants,linkedin.com/company/21-taps,redding,21 taps,california,11-50,
united states,,6GQBlEtSPdSiOrokYYpTSQoTpPp2,restaurants,linkedin.com/company/the-rail-a-pizza-company,rogers,the rail a pizza company,arkansas,11-50,
united states,,gxeSQSaRJbs7yheopbjmVQ6x4Ktt,restaurants,linkedin.com/company/bam-sports-grill,birmingham,bam sports grill,alabama,1-10,
united states,,Cc70FHFJ0iYGZAJBRJExagwLyv3H,restaurants,linkedin.com/company/waverly-deli,holtsville,waverly deli,new york,11-50,waverlydeli.org
united states,,8BeNrLCviefyti11wgdZxweAy4HY,restaurants,linkedin.com/company/mi-tomatina,winter park,mi tomatina,florida,11-50,mitomatina.com
united states,,OoGfe8AlCdW25G563p9FDwkthDoI,restaurants,linkedin.com/company/3-brothers-pizzeria,thornton,3 brothers pizzeria,colorado,51-200,thorntonpizzeria.com
united states,,2aP2qpCWRCvJZ30JOhBocQYUNipK,restaurants,linkedin.com/company/basil-&-wick’s,north creek,basil & wick’s,new york,11-50,basilandwicks.com
united states,,flQkPJszCTUccHJDIXmOggX7hReX,restaurants,linkedin.com/company/5-coins-restaurant,rockford,5 coins restaurant,illinois,1-10,5coinsrestaurant.com
united states,,ttIEpTmWXqhbVxwhipJLFQVXNer8,restaurants,linkedin.com/company/black-cat-coffeehouse,ashland,black cat coffeehouse,wisconsin,1-10,
united states,2007,Yy8meHEYPsvgYH7HCQY67ABo8LAr,restaurants,linkedin.com/company/dave's-on-broadway-inc.,glendale,"dave's on broadway, inc.",california,1-10,
united states,,JxlWfBno0es4C3vOGXNJQQxx1Ch2,restaurants,linkedin.com/company/o-dai-ba,rancho cucamonga,o-dai-ba,california,11-50,
united states,,E12BuzG4ZekCYENutZjLQQG4gt49,restaurants,linkedin.com/company/captain-whidbey-inn-restaurant,coupeville,captain whidbey inn restaurant,washington,11-50,
united states,,Ck5va71vBldywSRnSuNaUwDI5lNz,restaurants,linkedin.com/company/land-ho-harwich-port,harwich port,land ho! harwich port,massachusetts,11-50,
united states,,hWx8VuHNoZd6OZ4xSgm0KgW7SP1B,restaurants,linkedin.com/company/yasha-ramen,new york,yasha ramen,new york,11-50,yasharamen.com
united states,,XJRBXmOmgh6BrXaeEWEaPwiVpVOf,restaurants,linkedin.com/company/honey-1-bbq,chicago,honey 1 bbq,illinois,11-50,honey1bbq.com
united states,,YqUjTfiULwtwkkF4BnzSBAtatP5p,restaurants,linkedin.com/company/farmhouse-diner,marble,farmhouse diner,north carolina,1-10,farmhousedinernc.com
united states,,gClByPj43uO3RdEIAiMF0wf7k0AM,restaurants,linkedin.com/company/big-island-pizza,hilo,big island pizza,hawaii,11-50,bigislandpizza.com
united states,,HAVl27nBrmXnWt7bnI2rPAbZo12B,restaurants,linkedin.com/company/sato-asian-fusion-&-sushi-bar,hatboro,sato asian fusion & sushi bar,pennsylvania,1-10,satofusion.webs.com
united states,,qyk6wUJ1DwC47UxasPD6hw6q5IJ7,restaurants,linkedin.com/company/the-cowboy’s-grille,gardiner,the cowboy’s grille,montana,11-50,cowboyslodge.com
united states,,ukfw5DyV8VFwOwXdBEfbswSt0GmA,restaurants,linkedin.com/company/suparossa-sports-bar-&-pizzaria,elk grove village,suparossa sports bar & pizzaria,illinois,11-50,
united states,,cMZC1iVrzKea4n82r7mbmgH0cmuW,restaurants,linkedin.com/company/the-tram-club,sandy,the tram club,utah,1-10,
united states,,jbASS7xI6UEucTHWwqdxiAXXGrUd,restaurants,linkedin.com/company/thai-bamboo,spokane,thai bamboo,washington,11-50,thaibamboorestaurant.com
united states,,ryXap7SczkBOG38fwOr89g7TRbbT,restaurants,linkedin.com/company/the-ivy-house-restaurant-&-catering,ocala,the ivy house restaurant & catering,florida,1-10,
united states,,RGC9xKJVnXZ7a7qbrdAvZAEHbVdZ,restaurants,linkedin.com/company/sal-&-paul’s-pizzeria,brooklyn,sal & paul’s pizzeria,new york,1-10,
united states,,Nfvm76MEEsLqOTcckE3iuwlmgm2G,restaurants,linkedin.com/company/haneeth-house,dearborn,haneeth house,michigan,1-10,haneethhouse.com
united states,,FRPZbf3Et8CpxpQyXpc8wQhBncv5,restaurants,linkedin.com/company/smoke-rings-bbq,hiawassee,smoke rings bbq,georgia,11-50,
united states,,IP7tDNVXkCiS8BUo1KiOGQR475fB,restaurants,linkedin.com/company/roger-price-family-produce,pardeeville,roger price family produce,wisconsin,11-50,rogerpricefarm.com
united states,,QfvdDSesYdJ57e5d9uUe2QxbodJF,restaurants,linkedin.com/company/timpano’s-italian-chophouse,naperville,timpano’s italian chophouse,illinois,51-200,
united states,2003,ELFQ07CrD8FNTbYKNbjNyQK0eVsy,restaurants,linkedin.com/company/cafe-gratitude,,cafe gratitude,,201-500,cafegratitude.com
united states,,biCKxVsyiV2IEY5fuogvZA4GUzvH,restaurants,linkedin.com/company/douce-france,palo alto,douce france,california,11-50,cafedoucefrance.com
united states,,A69NacCWNQNJHdCo4FEMqwKRnUG6,restaurants,linkedin.com/company/sakura-japanese,virginia beach,sakura japanese,virginia,1-10,
united states,,TGFdW6MCyhSrTQCj3aKgyw11O8cv,restaurants,linkedin.com/company/123-thai-food,oak harbor,123 thai food,washington,11-50,123thaifood.net
united states,,kIqh6ChuVOHFCpYT5U2NZAnvw4FB,restaurants,linkedin.com/company/yolickity-frozen-dessert-zone,rochester,yolickity frozen dessert zone,new york,11-50,
united states,,97STFwNkAENYNl6FGhNILAigX4ii,restaurants,linkedin.com/company/nawab-inc,dallas,nawab inc,texas,11-50,
united states,2005,nCyqy7VnkjnN1ZJyqHwEugJpGf29,restaurants,linkedin.com/company/celtic-irish-pub,pascagoula,celtic irish pub,mississippi,1-10,celticirishpub.com
united states,,drrDKvzl79ivwboSi8dr8QxubiV2,restaurants,linkedin.com/company/crehan’s-irish-pub,belleville,crehan’s irish pub,illinois,1-10,crehansirishpub.com
united states,,Up9FqHZbBdBBKFt3jcFH4g6oHcZT,restaurants,linkedin.com/company/atmospherecafe-llc,los angeles,atmospherecafe llc,california,11-50,
united states,,WObOTdkERCSHc2hYQP6haAShE4i1,restaurants,linkedin.com/company/buttermilk-&-olde-lace-llc,fredericksburg,"buttermilk & olde lace, llc",virginia,11-50,
united states,,CeJUcpuIY9QH8PCcRJwDBAhdBpK6,restaurants,linkedin.com/company/coakley’s-pub,havre de grace,coakley’s pub,maryland,11-50,coakleyspub.com
united states,,9kCVvNlPmPyfb0WVBGkVxw1aV2Or,restaurants,linkedin.com/company/headwaters-golf-club,park rapids,headwaters golf club,minnesota,11-50,headwatersgolf.com
united states,,xBMaVmrDEkC5IcBMUTxMOQU9iA7d,restaurants,linkedin.com/company/missouri-breaks-brewing,wolf point,missouri breaks brewing,montana,1-10,missouribreaksbrewing.com
united states,2019,00IOa2UUs5BiCEMI58Lu6wzOW3oj,restaurants,linkedin.com/company/indarra-llc,irvine,"indarra, llc",california,1-10,indarraeats.com
united states,,PnBlYtDyRgoEIb85mBSCtgilj045,restaurants,linkedin.com/company/steve’s-sports-bar-&-lounge,chicago,steve’s sports bar & lounge,illinois,1-10,
united states,,mpIGp27Z6GNmiCN9ig0yTgUCMWYi,restaurants,linkedin.com/company/moo-creamery-llc,bakersfield,"moo creamery, llc",california,11-50,moocreamery.com
united states,,O7uu6SCyOoNis2wV9kZCWAkmoBhM,restaurants,linkedin.com/company/endzone-sports-bar-and-grill,plano,endzone sports bar and grill,texas,11-50,endzonesportsbarandgrill.com
united states,,1WZW1KbYWzxP3wDmjfd0DAlJsDZs,restaurants,linkedin.com/company/hudsons-bar,billings,hudsons bar,montana,11-50,hudsonsbarbillings.com
united states,,CekdqbS7tsXV3wilwqHxHAKtWCQ9,restaurants,linkedin.com/company/new-chit-chat-llc,haverhill,new chit chat llc,massachusetts,11-50,
united states,,iCDNRCUTF9gwoxvCJoPjfQzyqsHl,restaurants,linkedin.com/company/santangelo's-ristorante-inc,liverpool,"santangelo's ristorante, inc",new york,1-10,
united states,,D1bB15lvzt19HsJScPyaXA5zAtZI,restaurants,linkedin.com/company/gotchya’s,saratoga springs,gotchya’s,new york,11-50,gotchyas.com
united states,,UZF5zQm1L65CbktNNk3rwAfOQWYL,restaurants,linkedin.com/company/alameda-elks-lodge,alameda,alameda elks lodge,california,11-50,
united states,,wIoEQbgGlGQJk3BjgJGexgdG3WoU,restaurants,linkedin.com/company/stone-street-pub-&-bistro,san antonio,stone street pub & bistro,texas,1-10,
united states,,mtW1NxD8gBeFjeCEKKiC5wxMdaNN,restaurants,linkedin.com/company/bullshead-tavern,everett,bullshead tavern,pennsylvania,11-50,
united states,,60tmW3REJkOrwnRhtTbNtQrb475C,restaurants,linkedin.com/company/exile-kitchen-denver,denver,exile kitchen denver,colorado,1-10,exilekitchen.com
united states,,p2HXp0gCaaRUHDhq0dubDgQ9xIQ7,restaurants,linkedin.com/company/pigskin-bbq,leeds,pigskin bbq,alabama,51-200,pigskinbbq.net
united states,,pS1YvknB4ByeneldRBCtWQr7EHl0,restaurants,linkedin.com/company/montalbano-farms,sandwich,montalbano farms,illinois,11-50,montalbanofarms.com
united states,1947,ZoxBgsYXK3oTguDt2NjB5w99uW3D,restaurants,linkedin.com/company/royal-hawaiian,laguna beach,royal hawaiian,california,11-50,royalhawaiianlb.com
united states,,F4CzOnOjGWVMd9yM1Q13YghYp6QZ,restaurants,linkedin.com/company/jersey-giant-submarine,lansing,jersey giant submarine,michigan,1-10,jerseygiantsubmarines.com
united states,,VQZZwZzcRY0mxAKYzZ9elgLgBT5E,restaurants,linkedin.com/company/mp2-enterprises-llc,washington,"mp² enterprises, llc",utah,201-500,mp2pizza.com
united states,,bjW9PQU2FMzEWnMw5CE4lwCHOQVi,restaurants,linkedin.com/company/samoan-kitchen,anchorage,samoan kitchen,alaska,1-10,
united states,1981,qQSbDit3bF4sJigqqQOHagKowKsL,restaurants,linkedin.com/company/mangia,new york,mangia,new york,201-500,mangia.nyc
united states,,bzVS5LoGcCMzAfLTWNgTGQdyPWvW,restaurants,linkedin.com/company/rudi’s-pizza,hibbing,rudi’s pizza,minnesota,11-50,rudispizza.com
united states,,j5BJ79WcHK14Vfa7CCJVIAz0kBfs,restaurants,linkedin.com/company/krepe,carrollton,krepe,texas,11-50,
united states,,Sy1GdF2ddvsTN4F11tkWCQz6qPVp,restaurants,linkedin.com/company/mediterranean-grill-restaurant,happy valley,mediterranean grill restaurant,oregon,1-10,mediterraneangrillrestaurant.com
united states,,4oa3zHcCJhyb9nsBQB1ArA1xm54e,restaurants,linkedin.com/company/taqueria-san-antonio,waterford,taqueria san antonio,michigan,1-10,
united states,,8P8XCt48WJBMq2tJuPcvJgDRpOZe,restaurants,linkedin.com/company/mama-pepino’s-pizza,irwin,mama pepino’s pizza,pennsylvania,11-50,
united states,,KwBPpBx9BzgbNELMMhNiggzNiklg,restaurants,linkedin.com/company/red-eye-bar,san antonio,red eye bar,texas,11-50,
united states,,9cURwjTpB9MphlD8k2tcXQo1udDg,restaurants,linkedin.com/company/the-foodery-rittenhouse,philadelphia,the foodery rittenhouse,pennsylvania,11-50,
united states,,l1mn4wnCyox090Db8JRcIg2CJNSN,restaurants,linkedin.com/company/ol’-south-pancake-house,fort worth,ol’ south pancake house,texas,11-50,olsouthpancakehouse.com
united states,,39c51e4HoCJcA6ODVbIabwuDIqLW,restaurants,linkedin.com/company/green-front-restaurant,canandaigua,green front restaurant,new york,11-50,
united states,,McJGud5uQqpvA9Ewt7E4qgakZPWb,restaurants,linkedin.com/company/jaruwan,south gate,jaruwan,california,1-10,orderjaruwanthai.com
united states,,QxxCVmaHl4bHECfMqUd6WQKctkZ9,restaurants,linkedin.com/company/city-fish-market,blytheville,city fish market,arkansas,1-10,
united states,,cclD37AoYJICMt70SA8uOwqkXAZH,restaurants,linkedin.com/company/jmp-restaurant,el monte,jmp restaurant,california,11-50,
united states,,2IAp3JTQv3QeGCM4pcpKtAUyYala,restaurants,linkedin.com/company/annies-little-sure-shot,lincoln,annies little sure shot,new mexico,11-50,annieslittlesureshot.com
united states,,PO0yDod20NGMKIYi5TwmJQtYkpaV,restaurants,linkedin.com/company/macedon-hills-restaurant,macedon,macedon hills restaurant,new york,11-50,macedonhills.com
united states,,ZXhxroL1qmKTSl47SRmaSAcvYLxb,restaurants,linkedin.com/company/gaynor’s-restaurant-&-pub,medinah,gaynor’s restaurant & pub,illinois,11-50,gaynorsrestaurant.com
united states,,dox0rZ6Y1LL3VSBE9NvTrwbPo9fx,restaurants,linkedin.com/company/wondersub,old bridge,wondersub,new jersey,11-50,
united states,,t6HYoR0PVDBHQRKbe7MCqgBGoJov,restaurants,linkedin.com/company/phoever-maine-vietnamese-bar-&-grill,westbrook,phoever maine vietnamese bar & grill,maine,11-50,phoevermaine.tk
united states,,bklEcbt2O1vnw3tEMYTUdAHqwMSs,restaurants,linkedin.com/company/good-seed-organic-farm,hanford,good seed organic farm,california,11-50,goodseedorganics.com
united states,,b2S77fSQTwuZ9BNhi4LTcAMNjI9I,restaurants,linkedin.com/company/dean-anthony’s-pizzeria,boynton beach,dean anthony’s pizzeria,florida,11-50,
united states,,Zw4i8cgDw0W1eNmXXr4upwFblQGu,restaurants,linkedin.com/company/alnooor,jersey city,alnooor,new jersey,1-10,
united states,,fCdJoVsFmfIMjqXhnwswbwFYAzFU,restaurants,linkedin.com/company/sushi-boy-&-japanese-restaurant,garfield,sushi boy & japanese restaurant,new jersey,11-50,
united states,,DRf4MMB5eSkSs2EFCF0RjQxE4ItK,restaurants,linkedin.com/company/vermont-valley-farm,blue mounds,vermont valley farm,wisconsin,11-50,vermontvalley.com
united states,1985,nH5IokjKrhTprvEC8CX99AI5v4SV,restaurants,linkedin.com/company/beachside-bar-cafe,goleta,beachside bar-cafe,california,51-200,beachside-barcafe.com
united states,,1FBx9duBldBFvBsjhDxIlQMmnMXi,restaurants,linkedin.com/company/franks-bar-b-q,woodstock,franks bar b q,virginia,1-10,
united states,,9L7VxqsHY3ZE1G8lDb7BQQUWw1d4,restaurants,linkedin.com/company/k-&-f-clinton-street-coffeehouse,portland,k & f clinton street coffeehouse,oregon,1-10,
united states,,UFEfiufVKk9e2BZo6lCxXw2JotBP,restaurants,linkedin.com/company/original-pete’s,rocklin,original pete’s,california,11-50,originalpetes.net
united states,,4UyfPYCBAzuU2bB0DaUOywB7dpix,restaurants,linkedin.com/company/the-doughnut-dilemma,burlington,the doughnut dilemma,vermont,11-50,thedoughnutdilemma.com
united states,,ZairgM0SgdBMEhMF2oCYpQJAf3zM,restaurants,linkedin.com/company/cap’n-odies-lounge,atlantic beach,cap’n odies lounge,florida,1-10,
united states,,1qj8gRSuYMPoUvmWDhJXYQiBQJVi,restaurants,linkedin.com/company/cupbop-ramen,chicago,cupbop + ramen,illinois,11-50,
united states,,18wApREzGvZ1zNtJyMBjCgkZzWAo,restaurants,linkedin.com/company/xtreme-burger,antioch,xtreme burger,california,1-10,xtremeburger4u.com
united states,,OpguLOcAn6TTqTgEEn10nA6s2ixa,restaurants,linkedin.com/company/tiny-little-chef,phoenix,tiny little chef,arizona,11-50,tinylittlechef.com
united states,,CtBxw9paL2i71gDwY4B1VAvMCHJ2,restaurants,linkedin.com/company/caffe-del-mondo,southington,caffe del mondo,connecticut,11-50,caffedelmondo.com
united states,,1gZoGt9pN7avK5geBlcokgOUvUlc,restaurants,linkedin.com/company/la-grande-rural-fire-pro-dis,la grande,la grande rural fire pro dis,oregon,1-10,
united states,,vQdtYVC6lI7jeOlGaPaAHgLJkGfW,restaurants,linkedin.com/company/the-alley-kat-bar-&-lounge,houston,the alley kat bar & lounge,texas,11-50,
united states,,NtcBjOLfTioFbIRBmPN2Eg669MZA,restaurants,linkedin.com/company/the-old-school-house-deli,madison,the old school house deli,connecticut,1-10,oldschoolhousedeli.com
united states,,oDCCUplbBDyZHtec2SJVdQBkLKwT,restaurants,linkedin.com/company/max-fish-bar,new york,max fish bar,new york,11-50,
united states,,EYcRLABCBqNADfOv2QY0bgk6mMMc,restaurants,linkedin.com/company/blue-&-gold-pizza,veedersburg,blue & gold pizza,indiana,11-50,blueandgoldpizza.com
united states,,nJ4x5Os77HTktZbFgcpLTwqg6rTh,restaurants,linkedin.com/company/mama-toscano’s-ravioli,st. louis,mama toscano’s ravioli,missouri,11-50,mamatoscano.com
united states,,ulXg41MDRii32jlS3l3z0Axwg2zN,restaurants,linkedin.com/company/pizza-time-westbrook,westbrook,pizza time westbrook,maine,1-10,pizzatimewestbrook.com
united states,,vkjIJpqmBJDdLMLMer7aJQQx2k8B,restaurants,linkedin.com/company/a’mangiare,bronx,a’mangiare,new york,1-10,amangiare.com
united states,,6kBaS0wVELqQ2r9dw6pcWwX2WGzz,restaurants,linkedin.com/company/734-nw-llc,washington,734 nw llc,district of columbia,51-200,
united states,,A2ndoO2MSS5RVdrkBuRV1AjYWOiM,restaurants,linkedin.com/company/route-7-wines-&-liquors,ridgefield,route 7 wines & liquors,connecticut,1-10,
united states,,SGLjEumg8WkS5VQCFeZ4ZADzx2yu,restaurants,linkedin.com/company/bakers-pizza-by-steve,dallastown,bakers pizza by steve,pennsylvania,1-10,bakerspizzabysteve.com
united states,,NF3PWJGbJaH9mHUS5zyADwJE4qFd,restaurants,linkedin.com/company/above-ultra-lounge,honolulu,above ultra lounge,hawaii,11-50,aboveultralounge.com
united states,,UMTuZif5441Mqsuz7YABeQePRoOl,restaurants,linkedin.com/company/brick-oven---provo-llc,provo,"brick oven - provo, llc",utah,11-50,
united states,,fUMof0hgRaXY7B9qJGWo4AgqFBvL,restaurants,linkedin.com/company/the-star-steak-&-lobster-house,new orleans,the star steak & lobster house,louisiana,1-10,starsteak.com
united states,,KnPIFrVNUE6KBYbHm6iLggZX3tnD,restaurants,linkedin.com/company/twin-orange-inc,kendallville,"twin orange, inc",indiana,1-10,
united states,,mQ59iHYihsbqCURQn8P93QLiLYOI,restaurants,linkedin.com/company/nut-house-saloon,canton,nut house saloon,ohio,11-50,nuthousesaloon.com
united states,,H5Rl2qvZzodk3LlgNiXeiwmwkShp,restaurants,linkedin.com/company/silvana-ramos,chicago,silvana ramos,illinois,11-50,
united states,,3ByHHJhC34qdABriOtjh9QNSh8gh,restaurants,linkedin.com/company/the-little-red-shed---mcmenamins-edgefield,troutdale,the little red shed - mcmenamins edgefield,oregon,11-50,
united states,,2cMjvOwEXA0AH2vUGQ9UTQdWDOWh,restaurants,linkedin.com/company/blessings-deli,monroe,blessings deli,north carolina,11-50,
united states,,yGA2IqJgwkCfGufpHJEAPw2oX9pd,restaurants,linkedin.com/company/buckboard-grill,grants pass,buckboard grill,oregon,1-10,buckboardgrill.com
united states,,Y2wxJKRBvZhTfyKNnRYsJQG6MZcR,restaurants,linkedin.com/company/samurai-hibachi-steakhouse-and-sushi-bar,east hanover,samurai hibachi steakhouse and sushi bar,new jersey,11-50,
united states,,Mk18Ncm2zcPVpIYVEbmPCw0YZMAT,restaurants,linkedin.com/company/mr-fuji-japanese-steakhouse,griffin,mr fuji japanese steakhouse,georgia,11-50,
united states,,FBOaPv0chO9QnscC623cnQjwWrsw,restaurants,linkedin.com/company/manzanita-mudd-dogs,manzanita,manzanita mudd dogs,oregon,1-10,manzanitamudddogs.com
united states,,RNhEfQVfVbbngpkVuYp1HAPhq03i,restaurants,linkedin.com/company/props-brewery-&-grill,fort walton beach,props brewery & grill,florida,11-50,propsbrewery.com
united states,,zjcWn73ozZ8MKVBz0Ze4ngahJLuM,restaurants,linkedin.com/company/deb-foods-inc,king,deb foods inc,north carolina,11-50,yourmcd.com
united states,,BdGbCKcwrJuNve2uCl9f3wetGuqr,restaurants,linkedin.com/company/ma-baker-enterprises-limited,baker,ma baker enterprises limited,louisiana,1-10,
united states,,prTL2PeTBFnfiTRmBughMAOkvn0a,restaurants,linkedin.com/company/martha’s-leelanau-table,suttons bay,martha’s leelanau table,michigan,1-10,marthasleelanautable.com
united states,,BTikaI8r1xP5ThFFJrULLA1QlCBG,restaurants,linkedin.com/company/cook-saint-paul,st. paul,cook saint paul,minnesota,11-50,cookstp.com
united states,,DgBEDyc81AHUHhlCla8dBQZesdRv,restaurants,linkedin.com/company/speeds-billiards-&-sports-bar,arlington,speeds billiards & sports bar,texas,1-10,
united states,,o1bCxco4Ffd36lrVOWn1YQgTVday,restaurants,linkedin.com/company/omj-enterprises-inc.,chicago,omj enterprises inc.,illinois,11-50,
united states,,WlsqKhgNBlDUnY57hjKdEgMDB27K,restaurants,linkedin.com/company/kashin-garden,dracut,kashin garden,massachusetts,11-50,
united states,2013,nWR9Jh2I5Cx7KFSBq62cQQblYYdg,restaurants,linkedin.com/company/spurs-coffee-llc,pasco,spurs coffee llc,washington,1-10,
united states,,zS8WF7yBEDoi2pTiB3CAxQQujeGP,restaurants,linkedin.com/company/wouters-front,suamico,wouters front,wisconsin,1-10,woutersfront.com
united states,,m5TUH8Mz9nX8NRfsH27oRgKJjUfQ,restaurants,linkedin.com/company/tiki-bar-52,jupiter,tiki bar 52,florida,11-50,
united states,,ygVCoVB4OBJUBCUNCmatBAzUD0kU,restaurants,linkedin.com/company/north-end-liquors,wolcott,north end liquors,connecticut,1-10,
united states,,LBz4ipoeQ3oEvhwFJBiiLAlnivEp,restaurants,linkedin.com/company/great-american-steakburger,el paso,great american steakburger,texas,11-50,
united states,,kZThLVbgTOOFErvycxeJRQvEEB3h,restaurants,linkedin.com/company/daniela’s-cafe,brooklyn,daniela’s cafe,new york,11-50,
united states,,3cxft991JsshavcTdy91twUKNa7H,restaurants,linkedin.com/company/dave-&-buster's-of-penna-inc,dallas,dave & buster's of penna inc,texas,1-10,
united states,,cmAmg9KsnU1nqzAIRNkcxQWLfQxD,restaurants,linkedin.com/company/roosters-coffee,coeur d'alene,roosters coffee,idaho,11-50,
united states,,FzGAPCIqXzCaRf2rAzarpwYQey2M,restaurants,linkedin.com/company/tacos-el-bronco,brooklyn,tacos el bronco,new york,11-50,tacoselbronco.net
united states,,RRVCcDzlY7F8eZnyQcAEPgIiA3az,restaurants,linkedin.com/company/truva-turkish-kitchen,atlanta,truva turkish kitchen,georgia,1-10,
united states,,grUO4swF0Ni8T0jmSjtm9wYVVdzI,restaurants,linkedin.com/company/yogurt-fever,garland,yogurt fever,texas,11-50,
united states,,P4hr01K1cfOZmq0hSHd0hAv6c9m5,restaurants,linkedin.com/company/wow-food-cafe,baltimore,wow food cafe,maryland,11-50,
united states,,Oynt0lGzww7DBDijH5C8fQZqOYX7,restaurants,linkedin.com/company/dessert-divas,marble falls,dessert divas,texas,11-50,dessertdivastx.com
united states,1999,RLtB7KUHZAvupyfVj224HQhH5jw8,restaurants,linkedin.com/company/boscos-squared-llc,memphis,"boscos squared, llc",tennessee,51-200,
united states,,NHoBrbEPsW7FWuqODj2BVQnCrScw,restaurants,linkedin.com/company/los-eloteros,tucson,los eloteros,arizona,1-10,
united states,,vaAqgk0fqUiIpbe2tJFUDgAyh4uP,restaurants,linkedin.com/company/maddhatters-sports-bar-&-grill,knoxville,maddhatters sports bar & grill,tennessee,11-50,
united states,,vL8zRzB2BcZYPLoTFGpu1gjjw5lA,restaurants,linkedin.com/company/romano-brands-fine-wines,hicksville,romano brands fine wines,new york,1-10,romanobrands.com
united states,,ZoCy6XJA4lpTouUoD9Ki1wDDogsd,restaurants,linkedin.com/company/taqueria-veracruz-mexico,monroe,taqueria veracruz mexico,north carolina,1-10,
united states,,KZ4aAN61k1YTyxrQarwPsgWzClSq,restaurants,linkedin.com/company/dairy-burger-no-2,alice,dairy burger no 2,texas,11-50,
united states,,bGYgr3q2Sszu39BlIHuq9w7mQoim,restaurants,linkedin.com/company/fitzwater-cafe,philadelphia,fitzwater cafe,pennsylvania,1-10,
united states,,VZAe0CuxnaOXVpXj6mONYwhV51TI,restaurants,linkedin.com/company/pudges-restaurant,spartanburg,pudges restaurant,south carolina,11-50,pudgescheesesteaks.com
united states,,UE9KTlQOKD3hMaCBzSrDAwWxANrU,restaurants,linkedin.com/company/finnies-next-door,south bend,finnies next door,indiana,1-10,
united states,,qah4xLlzkBE1R9rBZfJsaQkDkaGF,restaurants,linkedin.com/company/bbq-unlimited,los angeles,bbq unlimited,california,11-50,bbqunlimited.com
united states,,YBv33JrzWDGOxBzGZZOaWAntDxuO,restaurants,linkedin.com/company/red’s-fresh-seafood-house-and-tavern,bokeelia,red’s fresh seafood house and tavern,florida,11-50,redsfreshseafoodhouse.com
united states,,hsvqWEKaUybSA0g2iIxeHQx94nU2,restaurants,linkedin.com/company/krazy-jake’s,wilbraham,krazy jake’s,massachusetts,11-50,krazyjakes.com
united states,,wrYNDDbB9GTkPVJZZ59n1gy6Hbbm,restaurants,linkedin.com/company/the-sweet-elephant-ltd,colorado springs,the sweet elephant ltd,colorado,1-10,sweetelephant.co
united states,,CuVYXDKtgpa6PDrk60mrUA5nim3J,restaurants,linkedin.com/company/backyard-barbeque-and-catering-company-llc,arlington,"backyard barbeque and catering company, llc",virginia,1-10,
united states,,UAtmuii9loVKKUeqS26i9AUqRoHP,restaurants,linkedin.com/company/kitchen-64,richmond,kitchen 64,virginia,11-50,kitchen64.com
united states,,0GwDoor0cOgqBh32Pve3fwJYI4Hw,restaurants,linkedin.com/company/d.d.-peckers’-wing-shack,charleston,d.d. peckers’ wing shack,south carolina,1-10,ddpeckerswingshack.com
united states,,HSOjgUGPNm2RalwZBsBsXQ2hEYuL,restaurants,linkedin.com/company/longhorn-cafe-the,zimmerman,longhorn cafe the,minnesota,1-10,
united states,,jlsIRgWeJXKSm1OT0vLpaQUXo2jV,restaurants,linkedin.com/company/jukeboxbevs,bellevue,jukebox,kentucky,1-10,jukeboxbevs.com
united states,,YgHLWrP8nfWbqQOHIirOCwVu2sg3,restaurants,linkedin.com/company/cape-cod-ice-cream,hyannis,cape cod ice cream,massachusetts,1-10,
united states,,TlNp8JtRbMJPtwcUCVbU0wCOzd9s,restaurants,linkedin.com/company/il-fiume,bronx,il fiume,new york,1-10,
united states,,aB99NUf6ev2iCXvXnyQr1wII46p8,restaurants,linkedin.com/company/dublin-4-inc.,chicago,"dublin 4, inc.",illinois,11-50,
united states,,BKuOr2CC90NcCir6s5CBNA3rEZvT,restaurants,linkedin.com/company/china-queen,st. peters,china queen,missouri,1-10,chinaqueenmo.com
united states,,szU5CCMYBSUvDyscakUZ1Q1AQo0f,restaurants,linkedin.com/company/akasaka-sushi-restaurant,el monte,akasaka sushi restaurant,california,11-50,akasakasushi.net
united states,,jGbnhA1WT8WPCCjntmB6LgGRtoe5,restaurants,linkedin.com/company/lorenzo-pizza-restaurant,ocala,lorenzo pizza restaurant,florida,11-50,
united states,,esXoB7d9g6A0AcE9CsnPngVx8ZAb,restaurants,linkedin.com/company/johnny’s-new-york-pizza-&-sandwiches,laguna beach,johnny’s new york pizza & sandwiches,california,11-50,
united states,,tXbZJTUuXntJdqfLhrZ7ZwR3FQqB,restaurants,linkedin.com/company/atomic-lunchbox,montgomery,atomic lunchbox,new york,1-10,
united states,,VBTCClhMGCjMlIgmhcWpzgEkA7O3,restaurants,linkedin.com/company/sapito’s-nyc,new york,sapito’s nyc,new york,11-50,sapitos.nyc
united states,,nrUcRoM17BqsY96vE6YCIAOkcmAo,restaurants,linkedin.com/company/pelican-coffee,hermantown,pelican coffee,minnesota,11-50,pelicancoffee.org
united states,2014,tUF8KmUMw7Tv9BBteSCf6QjIfxGg,restaurants,linkedin.com/company/derek-allans-texas-bbq,fort worth,derek allan's texas bbq,texas,1-10,derekallansbbq.com
united states,,W09p3os9p0s5kgsQjKUGXw8tMoe1,restaurants,linkedin.com/company/nyko’s-restaurant-on-scalp,johnstown,nyko’s restaurant on scalp,pennsylvania,11-50,nykosrestaurant.com
united states,,GiIDYqtcj1msHLFBMCrSJQ6grOwV,restaurants,linkedin.com/company/tienda-mexicana-jazmin,lake city,tienda mexicana jazmin,south carolina,1-10,
united states,,3xht8szx1Rr2cKcmSH2gqAV3bF5e,restaurants,linkedin.com/company/buccaneers-wings-and-fish,stone mountain,buccaneers wings and fish,georgia,11-50,
united states,,Ebe2F9BeHu4BT5BG7dw0WQ9t3wFP,restaurants,linkedin.com/company/clutch-take-and-bake-pizza,sartell,clutch take and bake pizza,minnesota,1-10,clutchtakeandbake.com
united states,,pf9jcKEWTMHV95rRDexBrAfDGwFs,restaurants,linkedin.com/company/happy-harbor-marina-&-trailer,isleton,happy harbor marina & trailer,california,11-50,
united states,,f9BgOT79wpMk3GWjcmF4kAtHqjmO,restaurants,linkedin.com/company/chef-tony-catering,charlottesville,chef tony catering,virginia,11-50,cheftonycateringcville.com
united states,,B0RTOCwAwwon7sKiQCmjWw9a2GMy,restaurants,linkedin.com/company/creekside-taphouse,asheville,creekside taphouse,north carolina,1-10,
united states,,ENCcImgs3f8vEhYMTqfNDAVt2Bfh,restaurants,linkedin.com/company/gen-y-foods-llc,fort lauderdale,"gen y foods, llc",florida,1-10,
united states,,ieYLwke5GiiPZXQRCZhT9wDIkemR,restaurants,linkedin.com/company/pecorino-romano,dennis,pecorino romano,massachusetts,1-10,pecorinoromanotuscancuisine.com
united states,,6Oj9yMlxn9q5uN5OsWhIwgelaeBA,restaurants,linkedin.com/company/boss-pizza-n-subs,north miami beach,boss pizza n subs,florida,11-50,bosspizzansubs.com
united states,,Oi0wE9Qu2quy2xHmU9i9Ewpy3On7,restaurants,linkedin.com/company/heavy-burger,aventura,heavy burger,florida,11-50,
united states,,SFmycDSB8N0wAPc8C2MAIAfnCNzx,restaurants,linkedin.com/company/cafe-champignon,new york,cafe champignon,new york,11-50,cafechampignonnyc.com
united states,,PBZ227J2ywcEUVwGeAFv6A5aeMDI,restaurants,linkedin.com/company/el-gallo-tapatio,chicago,el gallo tapatio,illinois,11-50,
united states,,HhmbLFb1aaYdI3CIfTsOAQURbcCF,restaurants,linkedin.com/company/spenard-roadhouse,anchorage,spenard roadhouse,alaska,11-50,spenardroadhouse.com
united states,,MnXOUASjn5HYrACfjmQVigRGpRyC,restaurants,linkedin.com/company/fon-fon-chinese-cuisine,chicago,fon fon chinese cuisine,illinois,11-50,
united states,,F1ZnfwMjmNvN5JoWRCFCWAI7Xpf7,restaurants,linkedin.com/company/lagerheads-bar-&-grill,ormond beach,lagerheads bar & grill,florida,11-50,
united states,,xkxf8dtPa7Lscw5A4rX3XAFgPiUA,restaurants,linkedin.com/company/969-nyc-coffee,jackson heights,969 nyc coffee,new york,1-10,969nyccoffee.com
united states,,OXzOWOCCgYIhiPyCGzBwcQHatavx,restaurants,linkedin.com/company/tang-s,arcadia,tang s,california,1-10,
united states,1998,NVLfYbL1VcMwCRZUC7KG5ApY4QVT,restaurants,linkedin.com/company/kiefer's-cafe-&-catering-incorporated,austin,"kiefer's cafe & catering, incorporated",texas,11-50,kieferscafecatering.com
united states,,Bq9zmYYgB3LeoYVKCxWrQguOrhMA,restaurants,linkedin.com/company/six-days-diner-inc,philadelphia,six days diner inc,pennsylvania,1-10,
united states,2011,6i4pgvxMC1l1QCPkNHvh5QdclKhr,restaurants,linkedin.com/company/datdog,new orleans,"dat dog enterprises, llc",louisiana,51-200,datdog.com
united states,,NgFRs0XMK3H9hPKT47hQkQFTrYZv,restaurants,linkedin.com/company/goods-luncheonette,boiceville,goods luncheonette,new york,11-50,goodslunch.com
united states,,67dY9ZcX2S61QPoUUfc6GQAF0m1e,restaurants,linkedin.com/company/cromwell-diner,cromwell,cromwell diner,connecticut,11-50,cromwelldiner.com
united states,,btHAMuvTX3IKIaKeJmyHvw9qmiR7,restaurants,linkedin.com/company/rossi’s-pizza-&-pasta,orlando,rossi’s pizza & pasta,florida,11-50,
united states,,82oXxS4LdzgWnhARfzpz7AVfmXc4,restaurants,linkedin.com/company/gahanna-grill,gahanna,gahanna grill,ohio,11-50,gahannagrill.com
united states,,4TzIG3gBZKHwOOVIsaStXQPxtCwJ,restaurants,linkedin.com/company/guava-tree-cafe,albuquerque,guava tree cafe,new mexico,11-50,guavatreecafe.com
united states,,EJPmIfoJEFbBVXbBZK7yCAZgmZmK,restaurants,linkedin.com/company/doraku-sushi,honolulu,doraku sushi,hawaii,11-50,dorakusushi.com
united states,,5TDAXCcNpyBfcMLQ5IJhWgGpQvsr,restaurants,linkedin.com/company/micro-mercantes,portland,micro mercantes,oregon,51-200,micromercantes.com
united states,,qXXVCCg1t4XWDWOQTbBxBgY98MSg,restaurants,linkedin.com/company/houndstooth-cafe-inc.,hanover,"houndstooth cafe, inc.",virginia,1-10,
united states,,BigKo71nOa4mrBNu0rmrcgiV26Sc,restaurants,linkedin.com/company/bagel-place-cafe-&-deli,hampton bays,bagel place cafe & deli,new york,11-50,
united states,,UEhICcwzG0KJsDCFsc4jcA6m5XLX,restaurants,linkedin.com/company/two-sons-pizza,traverse city,two sons pizza,michigan,1-10,twosonspizza.com
united states,,kLyV9kHGos0ixpjDYMK6kg1WruiT,restaurants,linkedin.com/company/al-amir-lebanese-cuisine,fort lauderdale,al amir lebanese cuisine,florida,1-10,
united states,,1vJ5R8BcfAxmizUXzsriywyastXB,restaurants,linkedin.com/company/nesticos-too,syracuse,nesticos too,new york,1-10,nesticosrestaurant.com
united states,,X2gpiucLCeoAjb4YFATDuQeSRWFv,restaurants,linkedin.com/company/la-santaneca-restaurant,carson city,la santaneca restaurant,nevada,1-10,
united states,,719puyx8GXAPubLLP68P7Qtbp1tD,restaurants,linkedin.com/company/ghostbar,chicago,ghostbar,illinois,1-10,n9negroup.com
united states,,scGtYBbsy4aZ0BmzPM6sdgghAaov,restaurants,linkedin.com/company/colony-house-restaurant,trevor,colony house restaurant,wisconsin,11-50,thecolonyhouse.net
united states,,rWP5SBMRE2gojaLhviS9dw8ucuBf,restaurants,linkedin.com/company/third-base-pub,gulf breeze,third base pub,florida,1-10,
united states,,A55e7dSzpvqzQtKBFzAkPgClzUfg,restaurants,linkedin.com/company/the-brick-charleston’s-favorite-tavern,charleston,the brick charleston’s favorite tavern,south carolina,11-50,thebrickcharleston.com
united states,,4thuTe1uTigG5E0mgqWIbgy2rYMh,restaurants,linkedin.com/company/prime-pizza-kitchen,staten island,prime pizza kitchen,new york,1-10,
united states,,1DZUCpKp36U36ZVPYqfPvgLBRnAI,restaurants,linkedin.com/company/verdict's-inn-the,las vegas,verdict's inn the,nevada,1-10,
united states,,I8QDVO4MiXD1iXapfLB8sAQp05lb,restaurants,linkedin.com/company/jason’s-ny-style-pizza,old town,jason’s ny style pizza,maine,1-10,
united states,,UccLpBBxeRgGUSYan5Bmvg75U0os,restaurants,linkedin.com/company/ebony-inn-restaurant,fairmount heights,ebony inn restaurant,maryland,11-50,
united states,,OZH2CImQQMhtBwhYgWVZBwMyaYBb,restaurants,linkedin.com/company/saj-mediterranean-grill,,saj mediterranean grill,,1-10,sajgrill.com
united states,,88Vi5kMWJobNTqtZzCcOnAFdBvca,restaurants,linkedin.com/company/oriental-foods-restaurant,livingston,oriental foods restaurant,texas,1-10,
united states,,A3UDgqXDu7HvBJX9OpYNJAupKNpK,restaurants,linkedin.com/company/the-green-mesquite-bbq,austin,the green mesquite bbq,texas,11-50,greenmesquite.net
united states,,hwBrwjhuppmmGDNezcYRCgOzkUgt,restaurants,linkedin.com/company/teak-&-charlie’s-food-truck-“the-pink-pig”,odessa,teak & charlie’s food truck “the pink pig”,texas,11-50,
united states,,HWC9VzDhiRrg07vGROtqlwfmhpj4,restaurants,linkedin.com/company/la-bella-in-ghent,norfolk,la bella in ghent,virginia,11-50,labellainghent.com
united states,,IMWPC3FA0XkY5xoDj2AYcQfItz87,restaurants,linkedin.com/company/amf-seaway-lanes,watertown,amf seaway lanes,new york,1-10,
united states,,BE288lDArUi0uBJI6FBstgR7k6W0,restaurants,linkedin.com/company/ship-2-shore-seafood-&-steaks,jacksonville,ship 2 shore seafood & steaks,florida,11-50,ship2shoreseafood.com
united states,,DA9eOifUUfOcldUHcMuGNAWGDMh7,restaurants,linkedin.com/company/jaki’s-hilltop-cafe,magalia,jaki’s hilltop cafe,california,11-50,jakiscafe.com
united states,,cCnBlKEgV696BvZCAqfJ1w6hfP6Z,restaurants,linkedin.com/company/fonda-mexican-cuisine,little rock,fonda mexican cuisine,arkansas,11-50,
united states,,jnAtIt1nBagAs4AXNoDiVgLRfZDY,restaurants,linkedin.com/company/macaroni-house,katy,macaroni house,texas,11-50,macaronihouse.com
united states,,bhfiKTB9bFwd949f6AVG4AD7riMW,restaurants,linkedin.com/company/billard-airport-restaurant-inc.,topeka,"billard airport restaurant, inc.",kansas,11-50,
united states,,lIXZCSOg3nJutnz7mAptxAKSxszp,restaurants,linkedin.com/company/swing-state-ltd.,lake villa,swing state ltd.,illinois,1-10,swingstate.biz
united states,,Bek2KCsrnDDUM1OfflsOngBgkBYw,restaurants,linkedin.com/company/palm-deli-lp-the,aptos,"palm deli lp, the",california,11-50,thepalmdeli.com
united states,,PO2mMUCRaMcFuzgxbBBl3AYEJy6F,restaurants,linkedin.com/company/savory-sushi-&-catering,,savory sushi & catering,,1-10,savorysushiandcatering.com
united states,2018,OE2eYdiuvpuHIQspQIorHg8CR9xm,restaurants,linkedin.com/company/baker's-dozen-kolaches-&-donuts-llc,hockley,baker's dozen kolaches & donuts llc,texas,1-10,
united states,,GSrQNBGn0u5POPI6dHE0QgrcSyZ4,restaurants,linkedin.com/company/apetito-restaurant,frisco,apetito restaurant,texas,11-50,
united states,,r8Loebpq3SnKwde6l72glAawVvWB,restaurants,linkedin.com/company/green-light-diner,poulsbo,green light diner,washington,1-10,greenlightdiner.com
united states,2018,waUfcSf22mIMLpJLwS1SXgOaQneP,restaurants,linkedin.com/company/altoque-colombian-food,dover,altoque colombian food,new jersey,1-10,
united states,,mxCN7Wi8lxV6BDXJBOvB0g3xycNj,restaurants,linkedin.com/company/italian-dreams,st. charles,italian dreams,illinois,51-200,
united states,2013,2wXVXK7i6FMjpFGtYDWeugE35P7B,restaurants,linkedin.com/company/boone-s-fish-house-oyster-room,portland,boone's fish house & oyster room,maine,51-200,boonesfishhouse.com
united states,1976,wPfvtKGNaBGGOhCINPyz1gJKmZ5J,restaurants,linkedin.com/company/creamery-restaurant-inc.-the-,danville,"creamery restaurant, inc. (the)",vermont,11-50,
united states,,6wv7oNel5fy6qqHlyl1glwMwOLMb,restaurants,linkedin.com/company/lion-&-bull,haymarket,lion & bull,virginia,11-50,
united states,2002,qdCMZnbZtsbqXHRmnsWfUwQS3BuE,restaurants,linkedin.com/company/lee's-sandwiches-international-inc.,san jose,"lee's sandwiches international, inc.",california,11-50,
united states,2023,DNo8YswElEMsQ5RZ9ZW25Arttur6,restaurants,linkedin.com/company/coffee-house-café,dallas,coffee house café,texas,11-50,
united states,,K0Yj3HrmaU3GOn98xfrvgQ58iSlL,restaurants,linkedin.com/company/alaska-roadhouse-bar-and-grill,soldotna,alaska roadhouse bar and grill,alaska,1-10,
united states,,IjS2g1NkZimoMR9U0qwBfQofg2Sc,restaurants,linkedin.com/company/rotisserie-deli-inc.,oakland,"rotisserie deli, inc.",california,1-10,therotisseriedeli.com
united states,,LrEnxVgWJsV0B5yY8CyUdw5t2pRu,restaurants,linkedin.com/company/nino’s-place,bridgeport,nino’s place,connecticut,1-10,ninosplacepizza.com
united states,2022,LTttgnowW4cpNWLxzQHn8Az6KRTZ,restaurants,linkedin.com/company/noodlwestreading,west reading,noodl,pennsylvania,11-50,thenoodl.com
united states,2020,KMrbBmci1pChTRenwWnPGAZmE7aC,restaurants,linkedin.com/company/chow-corp,annapolis,let’s chow,maryland,1-10,letschow.org
united states,,f2FiMNvO1IVfHRgdyGxcVQ14I1P4,restaurants,linkedin.com/company/randy’s-up-the-river,allegany,randy’s up the river,new york,11-50,randysuptheriver.com
united states,2012,UlhgJUcFBNZx942lH8biYAQIyk2J,restaurants,linkedin.com/company/building421-inc,dallas,"building421, inc.",texas,11-50,bldg421.com
united states,,wwtLRzeSCwCbk0uN7op9YgjrP70I,restaurants,linkedin.com/company/cathead’s-bbq,san francisco,cathead’s bbq,california,11-50,
united states,,LFf0BEdXmYgBGKMQlbYe0A4uyGAN,restaurants,linkedin.com/company/the-roasted-pig,new bedford,the roasted pig,massachusetts,1-10,theroastedpignb.com
united states,,0qQwkZTatrBQXGrxh5UmaQVHx5nM,restaurants,linkedin.com/company/mideast-kitchen,quincy,mideast kitchen,massachusetts,11-50,
united states,,EtUj3osMvWxoiyldyzD2zgucE2Uu,restaurants,linkedin.com/company/dominic’s-casual-italian-express,gladstone,dominic’s casual italian express,missouri,1-10,
united states,1988,FbC9CMyAhHTjm4YBNP1FgwJeVZel,restaurants,linkedin.com/company/jks-&-k-inc,charleston,"jks & k, inc",south carolina,51-200,
united states,,jBuzKYks2K1RKCo1d4HK2ANUUFAm,restaurants,linkedin.com/company/gapraynham,raynham,coldunski inc. dba great american pub,massachusetts,11-50,greatamericanpubraynham.com
united states,,CO2Xc5DIUiB9OGZ8bBo8yQ7nwJLW,restaurants,linkedin.com/company/ragtime-pizza,brookhaven,ragtime pizza,new york,11-50,ragtimepizza.com
united states,,bPmTqzmaGeakU4n2s79ivg1wNCmU,restaurants,linkedin.com/company/wing-ming,lebanon,wing ming,oregon,1-10,
united states,,lt44mF2ZDuvSK4oc0blxxAdkZbVh,restaurants,linkedin.com/company/mo-cha-tea-house,beaverton,mo cha tea house,oregon,1-10,
united states,,lnUhF9NBiOPXrHnlRuCX2gnkcjYg,restaurants,linkedin.com/company/yum-yum-tree-catering,jacksonville,yum yum tree catering,florida,11-50,
united states,,izU9x0F6B10pKNXeVsdJKwjqN8Sa,restaurants,linkedin.com/company/strike-zone-restaurant-&-pub,old orchard beach,strike zone restaurant & pub,maine,1-10,
united states,,eahEB2xfp7BCtQ88s7Fhfg5VqxIY,restaurants,linkedin.com/company/chewvino-wine-bar,chewelah,chewvino wine bar,washington,1-10,
united states,,xj1U2Bhpig2BDbextyWTTwmgu03I,restaurants,linkedin.com/company/caferia,gardena,caferia,california,1-10,
united states,,K3t88gw1SVuQPFrM6DjjlgYyATk4,restaurants,linkedin.com/company/champp’s-sports-restaurant,burnsville,champp’s sports restaurant,minnesota,11-50,
united states,,luYC29rKWg6s5rhGsFRleAuIooZB,restaurants,linkedin.com/company/wolf-s-head-smokehouse,beaverton,wolf's head smokehouse,oregon,1-10,wolfsheadbbq.com
united states,,NUFUjQYfUso0VMM7oFKQZgSTe537,restaurants,linkedin.com/company/meson-ria-de-vigo,miami,meson ria de vigo,florida,11-50,
united states,,A8vgLohfMBCp2iB18nrKNQOWAbWc,restaurants,linkedin.com/company/hapag-pilipino,daly city,hapag pilipino,california,1-10,hapagpilipinousa.com
united states,,mPnyixzoBHfCVPfmLOnzDwUweuxK,restaurants,linkedin.com/company/vienna-group-llc,,vienna group llc,,11-50,grunauerkc.com
united states,,aLeNI2hKFsH0PuFFbBZlhQwetvUm,restaurants,linkedin.com/company/45-east,oxford,45 east,ohio,11-50,
united states,,LdbauOoXBiUjwk2TCBWIbAFQtQBc,restaurants,linkedin.com/company/papa-joe’s-subs-&-pasta,cleveland,papa joe’s subs & pasta,ohio,1-10,
united states,,cu98B7lmRfeMl4G6ByNhWA9RabyL,restaurants,linkedin.com/company/uma-hibachi-steak-house,upper st. clair,uma hibachi steak house,pennsylvania,1-10,umarestaurant.com
united states,,elTbbB22DTW81l8rL0qSgwlzBHVd,restaurants,linkedin.com/company/chicken-place-inc.-the,falls church,"chicken place, inc., the",virginia,1-10,
united states,,zVw2zqP7CL8CycDVJMSxdA0m97Jt,restaurants,linkedin.com/company/goodies-family-restaurant,north stonington,goodies family restaurant,connecticut,11-50,
united states,,zEI4iDIfxTGBl3hjbSG3Jgv9eRqD,restaurants,linkedin.com/company/zorba’s-gyro,hope mills,zorba’s gyro,north carolina,1-10,
united states,,giPKorZU6EsbEBiraRNhWQzDDVlj,restaurants,linkedin.com/company/nesmon-café,sherman oaks,nesmon café,california,11-50,nesmoncafe.com
united states,,lJCI3tHH2eyTu3Gtj2Vv3wGeDcZ8,restaurants,linkedin.com/company/raw-bobs-organic-juicery,east greenwich,raw bobs organic juicery,rhode island,11-50,
united states,,HJGReLysC6uvIKlbyB5THQ2XhSGP,restaurants,linkedin.com/company/revel-roost,pittsburgh,revel + roost,pennsylvania,1-10,revelandroost.com
united states,,7L5TlwOU7saWydjkN7ZjzAHewj5d,restaurants,linkedin.com/company/ozumo-concepts-international-llc,san francisco,"ozumo concepts international, llc",california,51-200,
united states,,9pJ9vykUx3XiIReScbXLiQG0FlZx,restaurants,linkedin.com/company/back-door-barbecue,oklahoma city,back door barbecue,oklahoma,1-10,
united states,,oJHaJCuUtGFccAygjc6JpAWE2zj3,restaurants,linkedin.com/company/en-sushi-&-robata-grill,henderson,en sushi & robata grill,nevada,11-50,
united states,,jxRent4n4CmsCJhBlm9xmgbZXD7s,restaurants,linkedin.com/company/the-patio-bar-splitsville,orlando,the patio bar-splitsville,florida,1-10,
united states,,lCC57AYQ68LU3TtmsYsd6QfMvfNs,restaurants,linkedin.com/company/yesterday’s-royal,sylvan beach,yesterday’s royal,new york,1-10,
united states,,plqTQauZI1ZhUCA4BUV2hANluD9o,restaurants,linkedin.com/company/danos-pub-inc,baltimore,danos pub inc,maryland,1-10,
united states,,r1awzz5JJGlp9ROHcbBRVAmo6jrI,restaurants,linkedin.com/company/daw-kun-thai,manchester,daw kun thai,new hampshire,1-10,dawkunthai.com
united states,,CHpPWeWm8T2wVLn94FCUCgoHDsIy,restaurants,linkedin.com/company/big-river-grille-&-brewing-works,lake buena vista,big river grille & brewing works,florida,1-10,
united states,,lUg5pxBkvOMy0lRO7blDKA4LsOFQ,restaurants,linkedin.com/company/pasta-alla-rosa,allentown,pasta alla rosa,pennsylvania,1-10,pastaallarosa.com
united states,,2v4Cu3eX5f4QkPw8HDWNnwdFNVH2,restaurants,linkedin.com/company/stan's-seafood-inc,rome,stan's seafood inc,new york,11-50,
united states,2017,OWNblLyCmWtaH3m0mxlnNgMbNhlu,restaurants,linkedin.com/company/maemax-market-llc,madison,maemax market llc,tennessee,11-50,maemaxmarket.com
united states,,4m2souiROnewXhOEkhhhiwDN51lB,restaurants,linkedin.com/company/acapulco-mexican-restaurant-y-cantina-downey-r,downey,acapulco mexican restaurant y cantina downey r,california,1-10,
united states,,ezuNjfd0EVI8flxqvo0hlgOYXjzF,restaurants,linkedin.com/company/dolce-vita-coffee,mesa,dolce vita coffee,arizona,11-50,
united states,,KzIaBgwpWD64kynpa2a5lwKjrt42,restaurants,linkedin.com/company/barefoot-boy-restaurant,old orchard beach,barefoot boy restaurant,maine,1-10,
united states,,paGXoBH9JHyaKLOEkR42DARLjaEb,restaurants,linkedin.com/company/blue-tequila-mexican-restaurant-&-bar,east stroudsburg,blue tequila mexican restaurant & bar,pennsylvania,1-10,bluetequilapocono.com
united states,,RjvnXZgCNHwwWP2kSeZKGQhlh225,restaurants,linkedin.com/company/shabu-lee,norwood,shabu lee,massachusetts,11-50,shabulee.com
united states,,H2lplqe3YTHlC4TUqwzUVQv7i092,restaurants,linkedin.com/company/a&m-operating-co.-inc.,,a&m operating co. inc.,,201-500,
united states,,YMoUqxCVBtumpr8XHoNSXwK0koVF,restaurants,linkedin.com/company/supermarket-la-familia-corp,chicago,supermarket la familia corp,illinois,1-10,
united states,,cNM7XChMQvkoDOWNscUsowsmGy55,restaurants,linkedin.com/company/golden-oolong-tea,houston,golden oolong tea,texas,11-50,goldenoolong.com
united states,2014,Y3u6mdSdNBE6kq3vu6AdCwfFK18b,restaurants,linkedin.com/company/i-cafe-de-paris,orlando,i cafe de paris,florida,11-50,
united states,,UhVfykeqDR1A4gSTiDFHsgvWOW7x,restaurants,linkedin.com/company/el-corral-hamburgers,warr acres,el corral hamburgers,oklahoma,11-50,
united states,,yjVtAPR6lAwzBlMRAyrrfQEF8adC,restaurants,linkedin.com/company/coffee-grinder-cafe,bridgewater,coffee grinder cafe,new jersey,11-50,
united states,,xdyv7VdCchm3AzqSnBzBUADGaWuH,restaurants,linkedin.com/company/zendo-sushi-&-grill,jacksonville,zendo sushi & grill,florida,51-200,zendofl.com
united states,,ewTsBYgbgkXPgtoBSCx3tg1akn5r,restaurants,linkedin.com/company/empanada-man-inc.,lake forest,"empanada man, inc.",california,1-10,empanadaman.com
united states,,nj9icAnn8YIlLx83SUqMfgg9aV08,restaurants,linkedin.com/company/surf-n-dogs,south hadley,surf-n-dogs,massachusetts,11-50,surf-n-dogs.com
united states,,Ae1RbOFRbxseeKcPWNGuawAWyQZd,restaurants,linkedin.com/company/anheuser-busch-sales-of-san-diego,san diego,anheuser-busch sales of san diego,california,11-50,
united states,,e8YbuU2gqSkRBnYeyBHi5gmsTAaM,restaurants,linkedin.com/company/mi-la-cay,seattle,mi la cay,washington,51-200,milacayrestaurant.com
united states,,HgA3fJF7uEGbbcKp84GwoQroAJnC,restaurants,linkedin.com/company/mustard-seed-café,suamico,mustard seed café,wisconsin,1-10,mustardseedcafe1.com
united states,,tCwCBKVBSefyda0nud6DUwpfpjxq,restaurants,linkedin.com/company/iron-hill-bar-&-grill,sioux city,iron hill bar & grill,iowa,51-200,
united states,,3EkxxuZUPjVaoBjTfjupTwFNMJDO,restaurants,linkedin.com/company/ehrhart’s,bucyrus,ehrhart’s,ohio,11-50,ehrhartsdrivethru.com
united states,,4X6UzknAJHWRBf9CAF2bhQK2KH7x,restaurants,linkedin.com/company/new-hibachi-buffet,stevens point,new hibachi buffet,wisconsin,1-10,
united states,,JfFaqmpb57xXCiCT3qktpAXBsI3S,restaurants,linkedin.com/company/204-main-bar-&-bistro,sharon springs,204 main bar & bistro,new york,11-50,204mainbarandbistro.com
united states,,CC60NPrwhoYnqoUAT93xGwSzIAp1,restaurants,linkedin.com/company/harvey-washbangers,manhattan beach,harvey washbangers,california,11-50,
united states,1999,0toD6z1fIvO7QQORFIM2uQnC8yIw,restaurants,linkedin.com/company/tumbleweed-pizza-partners-l.p,mckinney,"tumbleweed pizza partners, l.p",texas,11-50,
united states,,It2zypEvGJVZfD18BHw09AG4TiPh,restaurants,linkedin.com/company/gristmill-river-restaurant,new braunfels,gristmill river restaurant,texas,11-50,
united states,,1SFPst2G4NzL5dbfVrb1BgJX1LIh,restaurants,linkedin.com/company/impressive-bar-services,old saybrook,impressive bar services,connecticut,1-10,impressivebarservices.com
united states,,NxFInb3C2N8PMpHQmpJBIAP1Yngd,restaurants,linkedin.com/company/johnny's-steaks-&-barbeque-inc.,salado,"johnny's steaks & barbeque, inc.",texas,1-10,johnnyssteaksandbbq.com
united states,,wpY9mCO3WgsRFXuRBpnMRgv08AVq,restaurants,linkedin.com/company/san-cecilio,ridgewood,san cecilio,new york,1-10,
united states,,mdWnRc4v7NaEiqCiOJYVdwFNjgKV,restaurants,linkedin.com/company/triad-municipal-abc-store,winston-salem,triad municipal abc store,north carolina,1-10,
united states,,BT7yh53KEzQaA8kX0LOtSQzAkkIO,restaurants,linkedin.com/company/pajarito-brewpub-&-grill,los alamos,pajarito brewpub & grill,new mexico,1-10,pajaritobrewpubandgrill.com
united states,,o7ycmAaqsQ26GCmShmr5sQ4J8c50,restaurants,linkedin.com/company/el-molinito---22nd-street,tucson,el molinito - 22nd street,arizona,11-50,
united states,1950,CcI09vzSn7L90OCsuSBoFAi1TsA5,restaurants,linkedin.com/company/leonas,chicago,leona's restaurants,illinois,11-50,
united states,,rRT68UAJ1ycs1XO4UJadvwvGrfth,restaurants,linkedin.com/company/the-cajun-spot,manteca,the cajun spot,california,11-50,thecajunspot.com
united states,,kQL0BBNVQBRVRCriZZ0PtQvKHRNZ,restaurants,linkedin.com/company/dad’s-bar-&-grill-pinecricker-cafe,polo,dad’s bar & grill / pinecricker cafe,illinois,1-10,
united states,1995,LqNfyxI77dq1RZ8VgwslhAJL5Et3,restaurants,linkedin.com/company/the-continental-restaurant-buffalo-grove,buffalo grove,the continental restaurant buffalo grove,illinois,11-50,continental-restaurant.net
united states,,3MmvDhsCHR5Cn1HOcMa7bgIUwUxx,restaurants,linkedin.com/company/blawenburg-bistro,skillman,blawenburg bistro,new jersey,1-10,blawenburgbistro.com
united states,,rAiaBw00NqS2DSsMMeYC5Qr2usre,restaurants,linkedin.com/company/tj’s-of-edina,minneapolis,tj’s of edina,minnesota,11-50,tjsofedina.com
united states,2000,Fl3CgQioAyeqmq1nyt8Z1g2o5YJV,restaurants,linkedin.com/company/litz's-bar-&-grill-inc.,spokane,"litz's bar & grill, inc.",washington,1-10,litzs.com
united states,,Wzw74LX6ap8Moy3lnCRpFgfE1rcD,restaurants,linkedin.com/company/koz’s,harahan,koz’s,louisiana,11-50,kozcooks.com
united states,2020,LvtkyQK7d6F52fZrZSUyoQt7WT0x,restaurants,linkedin.com/company/heirloom-doylestown,doylestown,heirloom doylestown,pennsylvania,11-50,heirloomdoylestown.com
united states,,KU0mC5fddsFCNXkJfDaFwwdBjcMa,restaurants,linkedin.com/company/rowdy-hog-smokin-bbq,sioux falls,rowdy hog smokin bbq,south dakota,11-50,rowdyhogbbq.com
united states,1990,iwgzfea0OnZ9gjMen7v98QYqXHoC,restaurants,linkedin.com/company/owen-brennan-s-restaurant,memphis,owen brennan's restaurant,tennessee,11-50,brennansmemphis.com
united states,,Mtnmr2OkFWD9r1YyqoxdCgd6uouV,restaurants,linkedin.com/company/boba-tea-station,carlsbad,boba tea station,california,11-50,bobateastation.com
united states,,x0mbyjGTJ9BtzQ5CH9RmswWM0wAh,restaurants,linkedin.com/company/bazi-bierbrasserie,portland,bazi bierbrasserie,oregon,11-50,bazipdx.com
united states,,D87tcWhGelzYBBuKcfBC0A4Brzc3,restaurants,linkedin.com/company/cheesy’s,rogers,cheesy’s,arkansas,11-50,
united states,1988,iYjgrAsMhAjEzKGXTLxA5Apl92uG,restaurants,linkedin.com/company/sam's-st.-johns-seafood-restaurant-inc.,green cove springs,"sam's st. johns seafood restaurant, inc.",florida,51-200,
united states,,kAScDTL0BEdcbt4P1HFoNguHakbA,restaurants,linkedin.com/company/tippy’s-mexican-restaurant,raleigh,tippy’s mexican restaurant,north carolina,1-10,
united states,,gUEcUskhlCS0iJHtqUfdRQHLZROC,restaurants,linkedin.com/company/prezzo-italian-restaurant,warren,prezzo italian restaurant,new jersey,11-50,
united states,,Ff1sV90EZUCWYvJcLWWqawFc02a6,restaurants,linkedin.com/company/deli-plus-1,detroit,deli plus 1,michigan,11-50,
united states,,Vx9wmRnSmogEjsR4sbbqoQRJWUlA,restaurants,linkedin.com/company/maranatha-natural-foods,ashland,maranatha natural foods,oregon,1-10,
united states,,0kLZwPuhlQEaKrznV07Zjw8ILMwK,restaurants,linkedin.com/company/la-tormenta-restaurant,logan,la tormenta restaurant,utah,1-10,latormentarestaurant.com
united states,,HaOCk2Z0QkjVqXZgOkEcoAMcokpu,restaurants,linkedin.com/company/paddy-mcgees-irish-pub,grand blanc,paddy mcgees irish pub,michigan,11-50,
united states,2014,BhOXVDQQudn57XIPZnrLKgsh5uWv,restaurants,linkedin.com/company/gunnar's-cafe-llc,cle elum,"gunnar's cafe, llc",washington,1-10,
united states,,eZCSl3VPaIvnkraiCqkhlgzDX4y7,restaurants,linkedin.com/company/hakki-baba-turkish-mediterranean-restaurant,cliffside park,hakki baba turkish mediterranean restaurant,new jersey,1-10,hakkibabanjs.com
united states,2005,SHCVeISDhfmp6sFNV37Byw4retBJ,restaurants,linkedin.com/company/molly's-in-soulard,st. louis,molly's in soulard,missouri,11-50,mollysinsoulard.com
united states,,9f0Ejv7c8N8QI7MZE89N4g1e0giX,restaurants,linkedin.com/company/mi-granja-peruvian-restaurant,lynwood,mi granja peruvian restaurant,california,11-50,
united states,,h3fwotQtpXC83Bz6OgZeUw9r1Bzf,restaurants,linkedin.com/company/guston's-grille-inc,woodstock,guston's grille inc,georgia,1-10,gustons.com
united states,,ITBs6xAN6YCOIsvypVJCqA0DqRwX,restaurants,linkedin.com/company/papapavlo's-bistro-&-bar-inc.,stockton,"papapavlo's bistro & bar, inc.",california,1-10,papapavlos.com
united states,,ojT2aeBWsktGz9yfM3oqTAzgb0bK,restaurants,linkedin.com/company/bits-country-fried-chicken,lakeland,bits country fried chicken,georgia,1-10,
united states,,o5860C48tL1IHSqzr4sq7QI6amk1,restaurants,linkedin.com/company/connie’s-grill,reserve,connie’s grill,louisiana,11-50,
united states,,4ZLBbewh1G0bhNDj0YdkTQuovKyC,restaurants,linkedin.com/company/corazón-cocina-mexicana,garden grove,corazón cocina mexicana,california,11-50,mycorazon.com
united states,,kF2NCHu0tVC7s3suGnNK8QWbyvCB,restaurants,linkedin.com/company/clarks’-family-restaurant,kittanning,clarks’ family restaurant,pennsylvania,1-10,
united states,,S0eLpn6Ei9ccUuZvkOB8sQbyCIMs,restaurants,linkedin.com/company/la-cabaña-restaurant-&-lounge,brentwood,la cabaña restaurant & lounge,new york,1-10,lacabanany.com
united states,2018,DICwBEdiCkdtrqBEy68EDwf1C5pz,restaurants,linkedin.com/company/elixir-superfood-juice,mammoth lakes,elixir superfood & juice,california,11-50,enjoyelixirorder.square.site
united states,,fAiJVDjkPvWbRICjHMXGrg7qQ6KV,restaurants,linkedin.com/company/pascal’s-manale-restaurant,new orleans,pascal’s manale restaurant,louisiana,11-50,pascalsmanale.com
united states,2012,SbNwD7zdDf3H7juAcgBRbQJGnn0n,restaurants,linkedin.com/company/eden-bubble-tea-llc,texarkana,eden bubble tea llc,texas,11-50,edenbubbletea.com
united states,,06FWesDFKj3oCqle1BPD6A07Ludh,restaurants,linkedin.com/company/kinfolk’s-bbq,scottsdale,kinfolk’s bbq,arizona,11-50,
united states,,lQCvzno515fufW3BWjpMAAcVha5L,restaurants,linkedin.com/company/mimi’s-taqueria,ottumwa,mimi’s taqueria,iowa,11-50,
united states,,vdJI3BBcTO83eWMhVhYTpA8wU1vn,restaurants,linkedin.com/company/nagle’s-bagels,brooklyn,nagle’s bagels,new york,11-50,naglesbagels.nyc
united states,,HqMkRxvCBVfZcbIhj7ICGgiVNpEZ,restaurants,linkedin.com/company/la-cabana-argentinan-steakhouse,jackson heights,la cabana argentinan steakhouse,new york,11-50,lacabananyc.com
united states,2010,jUMHEtrjo9DwyOVYT0IqmAVqrlCc,restaurants,linkedin.com/company/in-thyme-food-service-inc,westwood,"in thyme food service, inc",new jersey,11-50,
united states,,KWlNXGO1YQuI6LFDaQx95QjgxdTg,restaurants,linkedin.com/company/buxton-munch-co-restaurant,buxton,buxton munch co restaurant,north carolina,1-10,buxtonmunch.com
united states,,CcC3MnvfBGCRfL0BdC0ELgd5t1i1,restaurants,linkedin.com/company/red-wok-express,shelby,red wok express,north carolina,1-10,
united states,,UFKGbQDT5Zd2KOFsWAJKwQyVa0XW,restaurants,linkedin.com/company/roxy’s-pizza,lancaster,roxy’s pizza,ohio,1-10,
united states,1983,eAaObGtnktr8wg2Mf6BTCgxKsYtz,restaurants,linkedin.com/company/sunnyside-delicatessen,fresno,sunnyside delicatessen,california,1-10,sunnysidedelicatessen.com
united states,,FDCXKpHCXCG0WtGam8MkCwMxTxij,restaurants,linkedin.com/company/cornerstone-pub-and-prime,wyoming,cornerstone pub and prime,minnesota,1-10,cornerstonepubandprime.com
united states,1972,bKsZeM34lkk3xzliWJJ72AN7wevw,restaurants,linkedin.com/company/happy-joes-pizza,davenport,happy joe's pizza,iowa,1001-5000,happyjoes.com
united states,,XJiLNL4Sekow2ehSgCPbVQRIQ9dl,restaurants,linkedin.com/company/cafe’-columbine-&-bakery,fort collins,cafe’ columbine & bakery,colorado,11-50,
united states,,rmgcIQiTyXChQUFIbrS4sQdner3I,restaurants,linkedin.com/company/mike’s-elbow-room,ketchikan,mike’s elbow room,alaska,1-10,
united states,,UMUsmtCOCfkzwWijfKvTBgSZTteW,restaurants,linkedin.com/company/chef-tommy-thai-cuisine,dawsonville,chef tommy thai cuisine,georgia,51-200,cheftommythai.webs.com
united states,,oeg4fba3YmKiO3XLxonM2wbhBqIc,restaurants,linkedin.com/company/tonight-bar,flushing,tonight bar,new york,11-50,
united states,,zd1J0CzuyxOMbsOKgQKnKw8DRchb,restaurants,linkedin.com/company/the-tavern-lowry,denver,the tavern lowry,colorado,11-50,
united states,,05r1sYksd5KqU5acY50BrwOFXAS1,restaurants,linkedin.com/company/court-diner-inc,media,court diner inc,pennsylvania,11-50,yelp.com/biz/court-diner-media
united states,,jMQiY5oFaJ3P4RvreIhVyQaIcbyK,restaurants,linkedin.com/company/georges-hot-dog-stand,leominster,georges hot dog stand,massachusetts,1-10,
united states,,OTx8RAdcaMFPwrC1oUaeGAbaCBlB,restaurants,linkedin.com/company/little-twins,local,little twins,missouri,11-50,
united states,2022,ExBPAmf8p1fWi6ZZC4UR5Q2AkX4E,restaurants,linkedin.com/company/a-thousand-tales-restaurant,mount prospect,a thousand tales restaurant,illinois,11-50,thousandtales.com
united states,,ZIyHfskH7gri3aipHjFGCw7szU4i,restaurants,linkedin.com/company/auntie-annie’s,oxon hill,auntie annie’s,maryland,11-50,
united states,,BVBspk77qlnUqB2C2Y9bmAckUtbH,restaurants,linkedin.com/company/rockin’-tomato,austin,rockin’ tomato,texas,1-10,servingfoodthatrocks.com
united states,,dNZYxAVPihc0UErfvl3BuQ9XN1D8,restaurants,linkedin.com/company/freedom-cup,boerne,freedom cup,texas,11-50,
united states,,LQI6qLCVjoEanTsc6COOaQ70UuLn,restaurants,linkedin.com/company/int'l-fs-manangement-llc,mount laurel,"int'l fs manangement, llc",new jersey,1-10,
united states,1988,PJC0Z6aMSIPW9UTWXaCBZAoMPcPb,restaurants,linkedin.com/company/pollo-tropical,miami,pollo tropical,florida,1001-5000,pollotropical.com
united states,,uBkjvkhtIgLWUHEumXCEtgU7jei5,restaurants,linkedin.com/company/the-alamo-mexican-grill-&-cantina,calabasas,the alamo mexican grill & cantina,california,11-50,
united states,2007,xw42Cd6j96n386SGlfQPOgqwb2zN,restaurants,linkedin.com/company/cabin-fever-bar-and-grill,peru,cabin fever bar and grill,illinois,11-50,
united states,,1vRiuxkhCNeBoP2VAQ17OwujUzZB,restaurants,linkedin.com/company/holiday-wine-&-liquor,mcallen,holiday wine & liquor,texas,1-10,holidaywineandliquor.com
united states,2016,FYF1siBpwxTSAVAOQCoIwwsyBEzO,restaurants,linkedin.com/company/occam-dining,cincinnati,occam dining,ohio,1-10,occamdining.com
united states,,zL4Zfr6AewCACVTpqmj28Q9atqoH,restaurants,linkedin.com/company/big-scoops-creamery,roy,big scoops creamery,utah,11-50,bigscoopscreamery.com
united states,,aljno45Cmrl3lSP7CAdUuwcDrfsK,restaurants,linkedin.com/company/riccitello-john-restaurant,schenectady,riccitello john restaurant,new york,1-10,
united states,,Bra1CCB7aN4fGy9g2tQluwJUNEPG,restaurants,linkedin.com/company/ariete-hospitality-group,miami,ariete hospitality group,florida,51-200,arietehospitality.com
united states,,tNtHEkG8qwQ5EVVNFCdqFAV2efuq,restaurants,linkedin.com/company/ya-mon-jamaican-cuisine,country club hills,ya mon jamaican cuisine,illinois,1-10,
united states,,X1OklKmzqZMRxCyTl90NhwiiVxVD,restaurants,linkedin.com/company/fairview-ranch-steakhouse,tatum,fairview ranch steakhouse,texas,11-50,fairviewranchtexas.com
united states,,OllanBLKxylByo30Co1t0wGiE0Nl,restaurants,linkedin.com/company/the-claddagh-ring-pub-incorporated,chicago,"the claddagh ring pub, incorporated",illinois,11-50,
united states,2015,XtWnpd4OLEQQ6TYBMnONSgla9Xjr,restaurants,linkedin.com/company/detroit-wing-co,madison heights,detroit wing co.,michigan,51-200,detroitwingco.com
united states,,PPAs5rFhS4u5kOCyVzaQcgOuzoSh,restaurants,linkedin.com/company/robert-scotts,smithton,robert scotts,illinois,11-50,
united states,,lby9WAsBLRSFLwR8ASgPCgjBE39D,restaurants,linkedin.com/company/taco-bandido-mexican-restaurant,scranton,taco bandido mexican restaurant,pennsylvania,1-10,
united states,,xDFZXxPYDeCpv0LXJIoHQgxKG34V,restaurants,linkedin.com/company/we-dance-nashville,franklin,we dance nashville,tennessee,11-50,wedancenashville.com
united states,,ZAMBSKuhY0ObmsAWcr67Jgn7lt76,restaurants,linkedin.com/company/bistro-bello,pittsburgh,bistro bello,pennsylvania,1-10,bistrobello.be
united states,,BcfwNtcPFlV5LtL30ayFyQz4yz9a,restaurants,linkedin.com/company/khyber-express,santa monica,khyber express,california,1-10,
united states,,RiME9LWbbb7babmhi8JXLwkr0Uok,restaurants,linkedin.com/company/chantecleer-restaurant,manchester,chantecleer restaurant,vermont,1-10,chantecleerrestaurant.com
united states,,PysG4r4994uH4wuov7CChgGHlYtG,restaurants,linkedin.com/company/future-grounds-coffee,murray,future grounds coffee,kentucky,1-10,futuregroundsmky.com
united states,,OI533JUVmGB2o0ooV4ZgNw7KrXDS,restaurants,linkedin.com/company/montgomery-restaurant-partners-llc,san francisco,"montgomery restaurant partners, llc",california,1-10,
united states,,FUEQQrzy0EYUH5TW2eepvAeDmzkI,restaurants,linkedin.com/company/tequilla-sunrise,fort lauderdale,tequilla sunrise,florida,11-50,
united states,,xNbnRhXHUfMPUDxUuzvxBgsK36kF,restaurants,linkedin.com/company/honey-hole-liquors,apalachicola,honey hole liquors,florida,11-50,honeyholeliquors.com
united states,,ac8Nw6cibhuGQBwBzgd6BgoFlTNZ,restaurants,linkedin.com/company/sakura-restaurant-&-sushi-bar,st. paul,sakura restaurant & sushi bar,minnesota,11-50,sakurastpaul.com
united states,,VucxbA6wjIGFpyGEhGo07w2oXp5O,restaurants,linkedin.com/company/herndon-grocery-bakery,herndon,herndon grocery bakery,virginia,1-10,
united states,,9bPG3xlnp34iAq1CmgYOcQj86yWY,restaurants,linkedin.com/company/pizza-perfectta,pittsburgh,pizza perfectta,pennsylvania,1-10,pizzaperfectta.com
